[{"model": "contenttypes.contenttype", "pk": 1, "fields": {"app_label": "admin", "model": "logentry"}}, {"model": "contenttypes.contenttype", "pk": 2, "fields": {"app_label": "auth", "model": "permission"}}, {"model": "contenttypes.contenttype", "pk": 3, "fields": {"app_label": "auth", "model": "group"}}, {"model": "contenttypes.contenttype", "pk": 4, "fields": {"app_label": "contenttypes", "model": "contenttype"}}, {"model": "contenttypes.contenttype", "pk": 5, "fields": {"app_label": "sessions", "model": "session"}}, {"model": "contenttypes.contenttype", "pk": 6, "fields": {"app_label": "pizza", "model": "producttype"}}, {"model": "contenttypes.contenttype", "pk": 7, "fields": {"app_label": "pizza", "model": "size"}}, {"model": "contenttypes.contenttype", "pk": 8, "fields": {"app_label": "pizza", "model": "subextra"}}, {"model": "contenttypes.contenttype", "pk": 9, "fields": {"app_label": "pizza", "model": "topping"}}, {"model": "contenttypes.contenttype", "pk": 10, "fields": {"app_label": "pizza", "model": "product"}}, {"model": "contenttypes.contenttype", "pk": 11, "fields": {"app_label": "accounts", "model": "customuser"}}, {"model": "contenttypes.contenttype", "pk": 12, "fields": {"app_label": "orders", "model": "order"}}, {"model": "contenttypes.contenttype", "pk": 13, "fields": {"app_label": "orders", "model": "orderstatuscode"}}, {"model": "contenttypes.contenttype", "pk": 14, "fields": {"app_label": "orders", "model": "orderitem"}}, {"model": "contenttypes.contenttype", "pk": 15, "fields": {"app_label": "orders", "model": "cart"}}, {"model": "contenttypes.contenttype", "pk": 16, "fields": {"app_label": "orders", "model": "cartitem"}}, {"model": "sessions.session", "pk": "cmqujwemaxt1vme5j5b1er8jl8b5k28a", "fields": {"session_data": "MGZiODJiNTQ1NjBjOTU5ZmIyOTBiN2RiNzIyNTk1NTRkM2IzYmIyZjp7Il9hdXRoX3VzZXJfaWQiOiIxIiwiX2F1dGhfdXNlcl9iYWNrZW5kIjoiZGphbmdvLmNvbnRyaWIuYXV0aC5iYWNrZW5kcy5Nb2RlbEJhY2tlbmQiLCJfYXV0aF91c2VyX2hhc2giOiJiNjMwNzE2NmM1MmMyY2M0ZGExZjNjZDA0YzUyNDBkNTI0ZDZiOTQyIn0=", "expire_date": "2019-11-20T08:56:19.522Z"}}, {"model": "sessions.session", "pk": "zhrdxxqrvtceichjnyscf996lftn39op", "fields": {"session_data": "ZDE0ODUzYWIyN2JhNGI0NDJiOTg5ODgzOTY5MWY0NjQ3ZTkzMDgwNTp7Il9hdXRoX3VzZXJfaWQiOiI0IiwiX2F1dGhfdXNlcl9iYWNrZW5kIjoiZGphbmdvLmNvbnRyaWIuYXV0aC5iYWNrZW5kcy5Nb2RlbEJhY2tlbmQiLCJfYXV0aF91c2VyX2hhc2giOiJiMTUyZDM2MWYzMzEzNGQ4NzllZDk2YjY2ZDUwNjhlNzU1OTgyMzdmIn0=", "expire_date": "2019-12-06T13:28:06.617Z"}}, {"model": "pizza.producttype", "pk": 1, "fields": {"name": "Regular Pizza", "created": "2019-11-04T15:33:30.289Z", "modified": "2019-11-04T15:33:30.289Z"}}, {"model": "pizza.producttype", "pk": 2, "fields": {"name": "Sicilian Pizza", "created": "2019-11-04T15:33:30.289Z", "modified": "2019-11-04T15:33:30.289Z"}}, {"model": "pizza.producttype", "pk": 3, "fields": {"name": "Sub", "created": "2019-11-04T15:33:30.289Z", "modified": "2019-11-04T15:33:30.289Z"}}, {"model": "pizza.producttype", "pk": 4, "fields": {"name": "Pasta", "created": "2019-11-04T15:33:30.289Z", "modified": "2019-11-04T15:33:30.289Z"}}, {"model": "pizza.producttype", "pk": 5, "fields": {"name": "Salad", "created": "2019-11-04T15:33:30.289Z", "modified": "2019-11-04T15:37:02.907Z"}}, {"model": "pizza.producttype", "pk": 6, "fields": {"name": "Dinner Platter", "created": "2019-11-04T15:33:30.289Z", "modified": "2019-11-04T15:37:07.726Z"}}, {"model": "pizza.size", "pk": 1, "fields": {"name": "Small", "created": "2019-11-04T15:42:05.275Z", "modified": "2019-11-04T15:42:05.275Z"}}, {"model": "pizza.size", "pk": 2, "fields": {"name": "Large", "created": "2019-11-04T15:42:05.275Z", "modified": "2019-11-04T15:42:05.275Z"}}, {"model": "pizza.size", "pk": 3, "fields": {"name": "No size specified", "created": "2019-11-04T15:42:05.275Z", "modified": "2019-11-04T15:42:05.275Z"}}, {"model": "pizza.topping", "pk": 1, "fields": {"name": "Pepperoni", "created": "2019-11-04T15:42:05.275Z", "modified": "2019-11-04T15:42:05.275Z"}}, {"model": "pizza.topping", "pk": 2, "fields": {"name": "Sausage", "created": "2019-11-04T15:42:05.275Z", "modified": "2019-11-04T15:42:05.275Z"}}, {"model": "pizza.topping", "pk": 3, "fields": {"name": "Mushrooms", "created": "2019-11-04T15:42:05.275Z", "modified": "2019-11-04T15:42:05.275Z"}}, {"model": "pizza.topping", "pk": 4, "fields": {"name": "Onions", "created": "2019-11-04T15:42:05.275Z", "modified": "2019-11-04T15:42:05.275Z"}}, {"model": "pizza.topping", "pk": 5, "fields": {"name": "Ham", "created": "2019-11-04T15:42:05.275Z", "modified": "2019-11-04T15:42:05.275Z"}}, {"model": "pizza.topping", "pk": 6, "fields": {"name": "Canadian Bacon", "created": "2019-11-04T15:42:05.275Z", "modified": "2019-11-04T15:42:05.275Z"}}, {"model": "pizza.topping", "pk": 7, "fields": {"name": "Pineapple", "created": "2019-11-04T15:42:05.275Z", "modified": "2019-11-04T15:42:05.275Z"}}, {"model": "pizza.topping", "pk": 8, "fields": {"name": "Eggplant", "created": "2019-11-04T15:42:05.275Z", "modified": "2019-11-04T15:42:05.275Z"}}, {"model": "pizza.topping", "pk": 9, "fields": {"name": "Tomato & Basil", "created": "2019-11-04T15:42:05.275Z", "modified": "2019-11-04T15:42:05.275Z"}}, {"model": "pizza.topping", "pk": 10, "fields": {"name": "Green Peppers", "created": "2019-11-04T15:42:05.275Z", "modified": "2019-11-04T15:42:05.275Z"}}, {"model": "pizza.topping", "pk": 11, "fields": {"name": "Hamburger", "created": "2019-11-04T15:42:05.275Z", "modified": "2019-11-04T15:42:05.275Z"}}, {"model": "pizza.topping", "pk": 12, "fields": {"name": "Spinach", "created": "2019-11-04T15:42:05.275Z", "modified": "2019-11-04T15:42:05.275Z"}}, {"model": "pizza.topping", "pk": 13, "fields": {"name": "Artichoke", "created": "2019-11-04T15:42:05.275Z", "modified": "2019-11-04T15:42:05.275Z"}}, {"model": "pizza.topping", "pk": 14, "fields": {"name": "Buffalo Chicken", "created": "2019-11-04T15:42:05.275Z", "modified": "2019-11-04T15:42:05.275Z"}}, {"model": "pizza.topping", "pk": 15, "fields": {"name": "Barbecue Chicken", "created": "2019-11-04T15:42:05.275Z", "modified": "2019-11-04T15:42:05.275Z"}}, {"model": "pizza.topping", "pk": 16, "fields": {"name": "Anchovies", "created": "2019-11-04T15:42:05.275Z", "modified": "2019-11-04T15:42:05.275Z"}}, {"model": "pizza.topping", "pk": 17, "fields": {"name": "Black Olives", "created": "2019-11-04T15:42:05.275Z", "modified": "2019-11-04T15:42:05.275Z"}}, {"model": "pizza.topping", "pk": 18, "fields": {"name": "Fresh Garlic", "created": "2019-11-04T15:42:05.275Z", "modified": "2019-11-04T15:42:05.275Z"}}, {"model": "pizza.topping", "pk": 19, "fields": {"name": "Zucchini", "created": "2019-11-04T15:42:05.275Z", "modified": "2019-11-04T15:42:05.275Z"}}, {"model": "pizza.subextra", "pk": 1, "fields": {"name": "Mushrooms", "price": "0.50", "created": "2019-11-04T15:42:05.275Z", "modified": "2019-11-04T15:42:05.275Z"}}, {"model": "pizza.subextra", "pk": 2, "fields": {"name": "Green Peppers", "price": "0.50", "created": "2019-11-04T15:42:05.275Z", "modified": "2019-11-04T15:42:05.275Z"}}, {"model": "pizza.subextra", "pk": 3, "fields": {"name": "Onions", "price": "0.50", "created": "2019-11-04T15:42:05.275Z", "modified": "2019-11-04T15:42:05.275Z"}}, {"model": "pizza.subextra", "pk": 4, "fields": {"name": "Cheese", "price": "0.50", "created": "2019-11-04T15:42:05.275Z", "modified": "2019-11-04T15:42:05.275Z"}}, {"model": "pizza.product", "pk": 1, "fields": {"name": "Cheese", "type": 1, "size": 1, "price": "12.70", "created": "2019-11-04T15:42:05.276Z", "modified": "2019-11-04T15:42:05.276Z"}}, {"model": "pizza.product", "pk": 2, "fields": {"name": "1 topping", "type": 1, "size": 1, "price": "13.70", "created": "2019-11-04T15:42:05.276Z", "modified": "2019-11-04T15:42:05.276Z"}}, {"model": "pizza.product", "pk": 3, "fields": {"name": "2 toppings", "type": 1, "size": 1, "price": "15.20", "created": "2019-11-04T15:42:05.276Z", "modified": "2019-11-04T15:42:05.276Z"}}, {"model": "pizza.product", "pk": 4, "fields": {"name": "3 toppings", "type": 1, "size": 1, "price": "16.20", "created": "2019-11-04T15:42:05.276Z", "modified": "2019-11-04T15:42:05.276Z"}}, {"model": "pizza.product", "pk": 5, "fields": {"name": "Special", "type": 1, "size": 1, "price": "17.75", "created": "2019-11-04T15:42:05.276Z", "modified": "2019-11-04T15:42:05.276Z"}}, {"model": "pizza.product", "pk": 6, "fields": {"name": "Cheese", "type": 1, "size": 2, "price": "17.95", "created": "2019-11-04T15:42:05.276Z", "modified": "2019-11-04T15:42:05.276Z"}}, {"model": "pizza.product", "pk": 7, "fields": {"name": "1 topping", "type": 1, "size": 2, "price": "19.95", "created": "2019-11-04T15:42:05.276Z", "modified": "2019-11-04T15:42:05.276Z"}}, {"model": "pizza.product", "pk": 8, "fields": {"name": "2 toppings", "type": 1, "size": 2, "price": "21.95", "created": "2019-11-04T15:42:05.276Z", "modified": "2019-11-04T15:42:05.276Z"}}, {"model": "pizza.product", "pk": 9, "fields": {"name": "3 toppings", "type": 1, "size": 2, "price": "23.95", "created": "2019-11-04T15:42:05.276Z", "modified": "2019-11-04T15:42:05.276Z"}}, {"model": "pizza.product", "pk": 10, "fields": {"name": "Special", "type": 1, "size": 2, "price": "25.95", "created": "2019-11-04T15:42:05.276Z", "modified": "2019-11-04T15:42:05.276Z"}}, {"model": "pizza.product", "pk": 11, "fields": {"name": "Cheese", "type": 2, "size": 1, "price": "24.45", "created": "2019-11-04T15:42:05.276Z", "modified": "2019-11-04T15:42:05.276Z"}}, {"model": "pizza.product", "pk": 12, "fields": {"name": "1 topping", "type": 2, "size": 1, "price": "26.45", "created": "2019-11-04T15:42:05.276Z", "modified": "2019-11-04T15:42:05.276Z"}}, {"model": "pizza.product", "pk": 13, "fields": {"name": "2 toppings", "type": 2, "size": 1, "price": "28.45", "created": "2019-11-04T15:42:05.276Z", "modified": "2019-11-04T15:42:05.276Z"}}, {"model": "pizza.product", "pk": 14, "fields": {"name": "3 toppings", "type": 2, "size": 1, "price": "29.45", "created": "2019-11-04T15:42:05.276Z", "modified": "2019-11-04T15:42:05.276Z"}}, {"model": "pizza.product", "pk": 15, "fields": {"name": "Special", "type": 2, "size": 1, "price": "30.45", "created": "2019-11-04T15:42:05.276Z", "modified": "2019-11-04T15:42:05.276Z"}}, {"model": "pizza.product", "pk": 16, "fields": {"name": "Cheese", "type": 2, "size": 2, "price": "38.70", "created": "2019-11-04T15:42:05.276Z", "modified": "2019-11-04T15:42:05.276Z"}}, {"model": "pizza.product", "pk": 17, "fields": {"name": "1 topping", "type": 2, "size": 2, "price": "40.70", "created": "2019-11-04T15:42:05.276Z", "modified": "2019-11-04T15:42:05.276Z"}}, {"model": "pizza.product", "pk": 18, "fields": {"name": "2 toppings", "type": 2, "size": 2, "price": "42.70", "created": "2019-11-04T15:42:05.276Z", "modified": "2019-11-04T15:42:05.276Z"}}, {"model": "pizza.product", "pk": 19, "fields": {"name": "3 toppings", "type": 2, "size": 2, "price": "44.70", "created": "2019-11-04T15:42:05.276Z", "modified": "2019-11-04T15:42:05.276Z"}}, {"model": "pizza.product", "pk": 20, "fields": {"name": "Special", "type": 2, "size": 2, "price": "45.70", "created": "2019-11-04T15:42:05.276Z", "modified": "2019-11-04T15:42:05.276Z"}}, {"model": "pizza.product", "pk": 21, "fields": {"name": "Cheese", "type": 3, "size": 1, "price": "6.50", "created": "2019-11-04T15:42:05.276Z", "modified": "2019-11-04T15:42:05.276Z"}}, {"model": "pizza.product", "pk": 23, "fields": {"name": "Italian", "type": 3, "size": 1, "price": "6.50", "created": "2019-11-04T15:42:05.276Z", "modified": "2019-11-04T15:42:05.276Z"}}, {"model": "pizza.product", "pk": 24, "fields": {"name": "Italian", "type": 3, "size": 2, "price": "7.95", "created": "2019-11-04T15:42:05.276Z", "modified": "2019-11-04T15:42:05.276Z"}}, {"model": "pizza.product", "pk": 25, "fields": {"name": "Ham + Cheese", "type": 3, "size": 1, "price": "6.50", "created": "2019-11-04T15:42:05.276Z", "modified": "2019-11-04T15:42:05.276Z"}}, {"model": "pizza.product", "pk": 26, "fields": {"name": "Ham + Cheese", "type": 3, "size": 2, "price": "7.95", "created": "2019-11-04T15:42:05.276Z", "modified": "2019-11-04T15:42:05.276Z"}}, {"model": "pizza.product", "pk": 27, "fields": {"name": "Meatball", "type": 3, "size": 1, "price": "6.50", "created": "2019-11-04T15:42:05.276Z", "modified": "2019-11-04T15:42:05.276Z"}}, {"model": "pizza.product", "pk": 28, "fields": {"name": "Meatball", "type": 3, "size": 2, "price": "7.95", "created": "2019-11-04T15:42:05.276Z", "modified": "2019-11-04T15:42:05.276Z"}}, {"model": "pizza.product", "pk": 29, "fields": {"name": "Tuna", "type": 3, "size": 1, "price": "6.50", "created": "2019-11-04T15:42:05.276Z", "modified": "2019-11-04T15:42:05.276Z"}}, {"model": "pizza.product", "pk": 30, "fields": {"name": "Tuna", "type": 3, "size": 2, "price": "7.95", "created": "2019-11-04T15:42:05.276Z", "modified": "2019-11-04T15:42:05.276Z"}}, {"model": "pizza.product", "pk": 31, "fields": {"name": "Turkey", "type": 3, "size": 1, "price": "7.50", "created": "2019-11-04T15:42:05.276Z", "modified": "2019-11-04T15:42:05.276Z"}}, {"model": "pizza.product", "pk": 32, "fields": {"name": "Turkey", "type": 3, "size": 2, "price": "8.50", "created": "2019-11-04T15:42:05.276Z", "modified": "2019-11-04T15:42:05.276Z"}}, {"model": "pizza.product", "pk": 33, "fields": {"name": "Chicken Parmigiana", "type": 3, "size": 1, "price": "7.50", "created": "2019-11-04T15:42:05.276Z", "modified": "2019-11-04T15:42:05.276Z"}}, {"model": "pizza.product", "pk": 34, "fields": {"name": "Chicken Parmigiana", "type": 3, "size": 2, "price": "8.50", "created": "2019-11-04T15:42:05.276Z", "modified": "2019-11-04T15:42:05.276Z"}}, {"model": "pizza.product", "pk": 35, "fields": {"name": "Eggplant Parmigiana", "type": 3, "size": 1, "price": "6.50", "created": "2019-11-04T15:42:05.276Z", "modified": "2019-11-04T15:42:05.276Z"}}, {"model": "pizza.product", "pk": 37, "fields": {"name": "Steak", "type": 3, "size": 1, "price": "6.50", "created": "2019-11-04T15:42:05.276Z", "modified": "2019-11-04T15:42:05.276Z"}}, {"model": "pizza.product", "pk": 38, "fields": {"name": "Steak", "type": 3, "size": 2, "price": "7.95", "created": "2019-11-04T15:42:05.276Z", "modified": "2019-11-04T15:42:05.276Z"}}, {"model": "pizza.product", "pk": 39, "fields": {"name": "Steak + Cheese", "type": 3, "size": 1, "price": "6.95", "created": "2019-11-04T15:42:05.276Z", "modified": "2019-11-04T15:42:05.276Z"}}, {"model": "pizza.product", "pk": 40, "fields": {"name": "Steak + Cheese", "type": 3, "size": 2, "price": "8.50", "created": "2019-11-04T15:42:05.276Z", "modified": "2019-11-04T15:42:05.276Z"}}, {"model": "pizza.product", "pk": 41, "fields": {"name": "Sausage, Peppers & Onions", "type": 3, "size": 2, "price": "8.50", "created": "2019-11-04T15:42:05.276Z", "modified": "2019-11-04T15:42:05.276Z"}}, {"model": "pizza.product", "pk": 42, "fields": {"name": "Hamburger", "type": 3, "size": 1, "price": "4.60", "created": "2019-11-04T15:42:05.276Z", "modified": "2019-11-04T15:42:05.276Z"}}, {"model": "pizza.product", "pk": 43, "fields": {"name": "Hamburger", "type": 3, "size": 2, "price": "6.95", "created": "2019-11-04T15:42:05.276Z", "modified": "2019-11-04T15:42:05.276Z"}}, {"model": "pizza.product", "pk": 44, "fields": {"name": "Cheeseburger", "type": 3, "size": 1, "price": "5.10", "created": "2019-11-04T15:42:05.276Z", "modified": "2019-11-04T15:42:05.276Z"}}, {"model": "pizza.product", "pk": 45, "fields": {"name": "Cheeseburger", "type": 3, "size": 2, "price": "7.45", "created": "2019-11-04T15:42:05.276Z", "modified": "2019-11-04T15:42:05.276Z"}}, {"model": "pizza.product", "pk": 46, "fields": {"name": "Fried Chicken", "type": 3, "size": 1, "price": "6.95", "created": "2019-11-04T15:42:05.276Z", "modified": "2019-11-04T15:42:05.276Z"}}, {"model": "pizza.product", "pk": 47, "fields": {"name": "Fried Chicken", "type": 3, "size": 2, "price": "8.50", "created": "2019-11-04T15:42:05.276Z", "modified": "2019-11-04T15:42:05.276Z"}}, {"model": "pizza.product", "pk": 48, "fields": {"name": "Veggie", "type": 3, "size": 1, "price": "6.95", "created": "2019-11-04T15:42:05.276Z", "modified": "2019-11-04T15:42:05.276Z"}}, {"model": "pizza.product", "pk": 49, "fields": {"name": "Veggie", "type": 3, "size": 2, "price": "8.50", "created": "2019-11-04T15:42:05.276Z", "modified": "2019-11-04T15:42:05.276Z"}}, {"model": "pizza.product", "pk": 50, "fields": {"name": "Baked Ziti with Mozzarella", "type": 4, "size": 3, "price": "6.50", "created": "2019-11-04T15:42:05.276Z", "modified": "2019-11-04T15:42:05.276Z"}}, {"model": "pizza.product", "pk": 51, "fields": {"name": "Baked Ziti with Meatballs", "type": 4, "size": 3, "price": "8.75", "created": "2019-11-04T15:42:05.276Z", "modified": "2019-11-04T15:42:05.276Z"}}, {"model": "pizza.product", "pk": 52, "fields": {"name": "Baked Ziti with Chicken", "type": 4, "size": 3, "price": "9.75", "created": "2019-11-04T15:42:05.276Z", "modified": "2019-11-04T15:42:05.276Z"}}, {"model": "pizza.product", "pk": 53, "fields": {"name": "Garden Salad", "type": 5, "size": 3, "price": "6.25", "created": "2019-11-04T15:42:05.276Z", "modified": "2019-11-04T15:42:05.276Z"}}, {"model": "pizza.product", "pk": 54, "fields": {"name": "Greek Salad", "type": 5, "size": 3, "price": "8.25", "created": "2019-11-04T15:42:05.276Z", "modified": "2019-11-04T15:42:05.276Z"}}, {"model": "pizza.product", "pk": 55, "fields": {"name": "Antipasto", "type": 5, "size": 3, "price": "8.25", "created": "2019-11-04T15:42:05.276Z", "modified": "2019-11-04T15:42:05.276Z"}}, {"model": "pizza.product", "pk": 56, "fields": {"name": "Salad with Tuna", "type": 5, "size": 3, "price": "8.25", "created": "2019-11-04T15:42:05.276Z", "modified": "2019-11-04T15:42:05.276Z"}}, {"model": "pizza.product", "pk": 57, "fields": {"name": "Garden Salad", "type": 6, "size": 1, "price": "35.00", "created": "2019-11-04T15:42:05.276Z", "modified": "2019-11-04T15:42:05.276Z"}}, {"model": "pizza.product", "pk": 58, "fields": {"name": "Garden Salad", "type": 6, "size": 2, "price": "60.00", "created": "2019-11-04T15:42:05.276Z", "modified": "2019-11-04T15:42:05.276Z"}}, {"model": "pizza.product", "pk": 59, "fields": {"name": "Greek Salad", "type": 6, "size": 1, "price": "45.00", "created": "2019-11-04T15:42:05.276Z", "modified": "2019-11-04T15:42:05.276Z"}}, {"model": "pizza.product", "pk": 60, "fields": {"name": "Greek Salad", "type": 6, "size": 2, "price": "70.00", "created": "2019-11-04T15:42:05.276Z", "modified": "2019-11-04T15:42:05.276Z"}}, {"model": "pizza.product", "pk": 61, "fields": {"name": "Antipasto", "type": 6, "size": 1, "price": "45.00", "created": "2019-11-04T15:42:05.276Z", "modified": "2019-11-04T15:42:05.276Z"}}, {"model": "pizza.product", "pk": 62, "fields": {"name": "Antipasto", "type": 6, "size": 2, "price": "70.00", "created": "2019-11-04T15:42:05.276Z", "modified": "2019-11-04T15:42:05.276Z"}}, {"model": "pizza.product", "pk": 63, "fields": {"name": "Baked Ziti", "type": 6, "size": 1, "price": "35.00", "created": "2019-11-04T15:42:05.276Z", "modified": "2019-11-04T15:42:05.276Z"}}, {"model": "pizza.product", "pk": 64, "fields": {"name": "Baked Ziti", "type": 6, "size": 2, "price": "60.00", "created": "2019-11-04T15:42:05.276Z", "modified": "2019-11-04T15:42:05.276Z"}}, {"model": "pizza.product", "pk": 65, "fields": {"name": "Meatball Parm", "type": 6, "size": 1, "price": "45.00", "created": "2019-11-04T15:42:05.276Z", "modified": "2019-11-04T15:42:05.276Z"}}, {"model": "pizza.product", "pk": 66, "fields": {"name": "Meatball Parm", "type": 6, "size": 2, "price": "70.00", "created": "2019-11-04T15:42:05.276Z", "modified": "2019-11-04T15:42:05.276Z"}}, {"model": "pizza.product", "pk": 67, "fields": {"name": "Chicken Parm", "type": 6, "size": 1, "price": "45.00", "created": "2019-11-04T15:42:05.276Z", "modified": "2019-11-04T15:42:05.276Z"}}, {"model": "pizza.product", "pk": 68, "fields": {"name": "Chicken Parm", "type": 6, "size": 2, "price": "80.00", "created": "2019-11-04T15:42:05.276Z", "modified": "2019-11-04T15:42:05.276Z"}}, {"model": "pizza.product", "pk": 69, "fields": {"name": "Cheese", "type": 3, "size": 2, "price": "7.95", "created": "2019-11-04T15:42:05.276Z", "modified": "2019-11-04T15:42:05.276Z"}}, {"model": "orders.orderstatuscode", "pk": 1, "fields": {"name": "Preparing your order", "created": "2019-11-04T15:46:59.758Z", "modified": "2019-11-04T20:42:13.302Z"}}, {"model": "orders.orderstatuscode", "pk": 2, "fields": {"name": "Canceled", "created": "2019-11-04T15:46:59.758Z", "modified": "2019-11-04T15:46:59.758Z"}}, {"model": "orders.orderstatuscode", "pk": 3, "fields": {"name": "Delivered", "created": "2019-11-04T15:46:59.758Z", "modified": "2019-11-04T15:46:59.758Z"}}, {"model": "orders.orderstatuscode", "pk": 4, "fields": {"name": "Out for delivery", "created": "2019-11-04T20:46:08.292Z", "modified": "2019-11-04T20:46:08.292Z"}}, {"model": "orders.orderitem", "pk": 50, "fields": {"order": 14, "product": 1, "quantity": 1, "created": "2019-11-04T15:46:59.760Z", "modified": "2019-11-04T15:46:59.760Z", "toppings": [], "extras": []}}, {"model": "orders.orderitem", "pk": 51, "fields": {"order": 14, "product": 39, "quantity": 1, "created": "2019-11-04T15:46:59.760Z", "modified": "2019-11-04T15:46:59.760Z", "toppings": [], "extras": [1, 2, 4]}}, {"model": "orders.orderitem", "pk": 52, "fields": {"order": 15, "product": 50, "quantity": 1, "created": "2019-11-04T15:46:59.760Z", "modified": "2019-11-04T15:46:59.760Z", "toppings": [], "extras": []}}, {"model": "orders.orderitem", "pk": 53, "fields": {"order": 15, "product": 23, "quantity": 2, "created": "2019-11-04T15:46:59.760Z", "modified": "2019-11-04T15:46:59.760Z", "toppings": [], "extras": []}}, {"model": "orders.orderitem", "pk": 54, "fields": {"order": 15, "product": 15, "quantity": 1, "created": "2019-11-04T15:46:59.760Z", "modified": "2019-11-04T15:46:59.760Z", "toppings": [2, 6, 10, 14, 18], "extras": []}}, {"model": "orders.orderitem", "pk": 55, "fields": {"order": 16, "product": 2, "quantity": 1, "created": "2019-11-04T15:46:59.760Z", "modified": "2019-11-04T15:46:59.760Z", "toppings": [2], "extras": []}}, {"model": "orders.orderitem", "pk": 56, "fields": {"order": 16, "product": 1, "quantity": 1, "created": "2019-11-04T15:46:59.760Z", "modified": "2019-11-04T15:46:59.760Z", "toppings": [], "extras": []}}, {"model": "orders.orderitem", "pk": 57, "fields": {"order": 17, "product": 34, "quantity": 1, "created": "2019-11-04T15:46:59.760Z", "modified": "2019-11-04T15:46:59.760Z", "toppings": [], "extras": []}}, {"model": "orders.orderitem", "pk": 58, "fields": {"order": 17, "product": 51, "quantity": 1, "created": "2019-11-04T15:46:59.760Z", "modified": "2019-11-04T15:46:59.760Z", "toppings": [], "extras": []}}, {"model": "orders.orderitem", "pk": 59, "fields": {"order": 17, "product": 10, "quantity": 1, "created": "2019-11-04T15:46:59.760Z", "modified": "2019-11-04T15:46:59.760Z", "toppings": [6, 9, 10, 14, 15], "extras": []}}, {"model": "orders.orderitem", "pk": 60, "fields": {"order": 17, "product": 6, "quantity": 1, "created": "2019-11-04T15:46:59.760Z", "modified": "2019-11-04T15:46:59.760Z", "toppings": [], "extras": []}}, {"model": "orders.orderitem", "pk": 61, "fields": {"order": 18, "product": 2, "quantity": 1, "created": "2019-11-04T15:46:59.760Z", "modified": "2019-11-04T15:46:59.760Z", "toppings": [1], "extras": []}}, {"model": "orders.orderitem", "pk": 62, "fields": {"order": 18, "product": 23, "quantity": 1, "created": "2019-11-04T15:46:59.760Z", "modified": "2019-11-04T15:46:59.760Z", "toppings": [], "extras": [4]}}, {"model": "orders.orderitem", "pk": 63, "fields": {"order": 19, "product": 51, "quantity": 1, "created": "2019-11-04T20:57:05.767Z", "modified": "2019-11-04T20:57:05.767Z", "toppings": [], "extras": []}}, {"model": "orders.orderitem", "pk": 64, "fields": {"order": 19, "product": 2, "quantity": 1, "created": "2019-11-04T20:57:05.779Z", "modified": "2019-11-04T20:57:05.779Z", "toppings": [1], "extras": []}}, {"model": "orders.orderitem", "pk": 65, "fields": {"order": 19, "product": 40, "quantity": 1, "created": "2019-11-04T20:57:05.801Z", "modified": "2019-11-04T20:57:05.801Z", "toppings": [], "extras": [2, 4]}}, {"model": "orders.orderitem", "pk": 66, "fields": {"order": 20, "product": 2, "quantity": 1, "created": "2019-11-05T15:25:59.262Z", "modified": "2019-11-05T15:25:59.262Z", "toppings": [2], "extras": []}}, {"model": "orders.orderitem", "pk": 67, "fields": {"order": 20, "product": 2, "quantity": 2, "created": "2019-11-05T15:25:59.288Z", "modified": "2019-11-05T15:25:59.288Z", "toppings": [1], "extras": []}}, {"model": "orders.orderitem", "pk": 68, "fields": {"order": 21, "product": 1, "quantity": 1, "created": "2019-11-05T18:59:38.400Z", "modified": "2019-11-05T18:59:38.400Z", "toppings": [], "extras": []}}, {"model": "orders.orderitem", "pk": 69, "fields": {"order": 21, "product": 1, "quantity": 1, "created": "2019-11-05T18:59:38.414Z", "modified": "2019-11-05T18:59:38.414Z", "toppings": [], "extras": []}}, {"model": "orders.orderitem", "pk": 70, "fields": {"order": 22, "product": 57, "quantity": 1, "created": "2019-11-05T19:32:15.322Z", "modified": "2019-11-05T19:32:15.322Z", "toppings": [], "extras": []}}, {"model": "orders.orderitem", "pk": 71, "fields": {"order": 23, "product": 34, "quantity": 1, "created": "2019-11-05T21:16:06.624Z", "modified": "2019-11-05T21:16:06.624Z", "toppings": [], "extras": [4]}}, {"model": "orders.orderitem", "pk": 72, "fields": {"order": 23, "product": 50, "quantity": 1, "created": "2019-11-05T21:16:06.663Z", "modified": "2019-11-05T21:16:06.663Z", "toppings": [], "extras": []}}, {"model": "orders.orderitem", "pk": 73, "fields": {"order": 23, "product": 20, "quantity": 14, "created": "2019-11-05T21:16:06.677Z", "modified": "2019-11-05T21:16:06.677Z", "toppings": [6, 9, 10, 13, 17], "extras": []}}, {"model": "orders.orderitem", "pk": 74, "fields": {"order": 24, "product": 56, "quantity": 1, "created": "2019-11-05T21:17:49.096Z", "modified": "2019-11-05T21:17:49.096Z", "toppings": [], "extras": []}}, {"model": "auth.permission", "pk": 1, "fields": {"name": "Can add log entry", "content_type": 1, "codename": "add_logentry"}}, {"model": "auth.permission", "pk": 2, "fields": {"name": "Can change log entry", "content_type": 1, "codename": "change_logentry"}}, {"model": "auth.permission", "pk": 3, "fields": {"name": "Can delete log entry", "content_type": 1, "codename": "delete_logentry"}}, {"model": "auth.permission", "pk": 4, "fields": {"name": "Can view log entry", "content_type": 1, "codename": "view_logentry"}}, {"model": "auth.permission", "pk": 5, "fields": {"name": "Can add permission", "content_type": 2, "codename": "add_permission"}}, {"model": "auth.permission", "pk": 6, "fields": {"name": "Can change permission", "content_type": 2, "codename": "change_permission"}}, {"model": "auth.permission", "pk": 7, "fields": {"name": "Can delete permission", "content_type": 2, "codename": "delete_permission"}}, {"model": "auth.permission", "pk": 8, "fields": {"name": "Can view permission", "content_type": 2, "codename": "view_permission"}}, {"model": "auth.permission", "pk": 9, "fields": {"name": "Can add group", "content_type": 3, "codename": "add_group"}}, {"model": "auth.permission", "pk": 10, "fields": {"name": "Can change group", "content_type": 3, "codename": "change_group"}}, {"model": "auth.permission", "pk": 11, "fields": {"name": "Can delete group", "content_type": 3, "codename": "delete_group"}}, {"model": "auth.permission", "pk": 12, "fields": {"name": "Can view group", "content_type": 3, "codename": "view_group"}}, {"model": "auth.permission", "pk": 13, "fields": {"name": "Can add content type", "content_type": 4, "codename": "add_contenttype"}}, {"model": "auth.permission", "pk": 14, "fields": {"name": "Can change content type", "content_type": 4, "codename": "change_contenttype"}}, {"model": "auth.permission", "pk": 15, "fields": {"name": "Can delete content type", "content_type": 4, "codename": "delete_contenttype"}}, {"model": "auth.permission", "pk": 16, "fields": {"name": "Can view content type", "content_type": 4, "codename": "view_contenttype"}}, {"model": "auth.permission", "pk": 17, "fields": {"name": "Can add session", "content_type": 5, "codename": "add_session"}}, {"model": "auth.permission", "pk": 18, "fields": {"name": "Can change session", "content_type": 5, "codename": "change_session"}}, {"model": "auth.permission", "pk": 19, "fields": {"name": "Can delete session", "content_type": 5, "codename": "delete_session"}}, {"model": "auth.permission", "pk": 20, "fields": {"name": "Can view session", "content_type": 5, "codename": "view_session"}}, {"model": "auth.permission", "pk": 21, "fields": {"name": "Can add product type", "content_type": 6, "codename": "add_producttype"}}, {"model": "auth.permission", "pk": 22, "fields": {"name": "Can change product type", "content_type": 6, "codename": "change_producttype"}}, {"model": "auth.permission", "pk": 23, "fields": {"name": "Can delete product type", "content_type": 6, "codename": "delete_producttype"}}, {"model": "auth.permission", "pk": 24, "fields": {"name": "Can view product type", "content_type": 6, "codename": "view_producttype"}}, {"model": "auth.permission", "pk": 25, "fields": {"name": "Can add size", "content_type": 7, "codename": "add_size"}}, {"model": "auth.permission", "pk": 26, "fields": {"name": "Can change size", "content_type": 7, "codename": "change_size"}}, {"model": "auth.permission", "pk": 27, "fields": {"name": "Can delete size", "content_type": 7, "codename": "delete_size"}}, {"model": "auth.permission", "pk": 28, "fields": {"name": "Can view size", "content_type": 7, "codename": "view_size"}}, {"model": "auth.permission", "pk": 29, "fields": {"name": "Can add sub extra", "content_type": 8, "codename": "add_subextra"}}, {"model": "auth.permission", "pk": 30, "fields": {"name": "Can change sub extra", "content_type": 8, "codename": "change_subextra"}}, {"model": "auth.permission", "pk": 31, "fields": {"name": "Can delete sub extra", "content_type": 8, "codename": "delete_subextra"}}, {"model": "auth.permission", "pk": 32, "fields": {"name": "Can view sub extra", "content_type": 8, "codename": "view_subextra"}}, {"model": "auth.permission", "pk": 33, "fields": {"name": "Can add topping", "content_type": 9, "codename": "add_topping"}}, {"model": "auth.permission", "pk": 34, "fields": {"name": "Can change topping", "content_type": 9, "codename": "change_topping"}}, {"model": "auth.permission", "pk": 35, "fields": {"name": "Can delete topping", "content_type": 9, "codename": "delete_topping"}}, {"model": "auth.permission", "pk": 36, "fields": {"name": "Can view topping", "content_type": 9, "codename": "view_topping"}}, {"model": "auth.permission", "pk": 37, "fields": {"name": "Can add product", "content_type": 10, "codename": "add_product"}}, {"model": "auth.permission", "pk": 38, "fields": {"name": "Can change product", "content_type": 10, "codename": "change_product"}}, {"model": "auth.permission", "pk": 39, "fields": {"name": "Can delete product", "content_type": 10, "codename": "delete_product"}}, {"model": "auth.permission", "pk": 40, "fields": {"name": "Can view product", "content_type": 10, "codename": "view_product"}}, {"model": "auth.permission", "pk": 41, "fields": {"name": "Can add user", "content_type": 11, "codename": "add_customuser"}}, {"model": "auth.permission", "pk": 42, "fields": {"name": "Can change user", "content_type": 11, "codename": "change_customuser"}}, {"model": "auth.permission", "pk": 43, "fields": {"name": "Can delete user", "content_type": 11, "codename": "delete_customuser"}}, {"model": "auth.permission", "pk": 44, "fields": {"name": "Can view user", "content_type": 11, "codename": "view_customuser"}}, {"model": "auth.permission", "pk": 45, "fields": {"name": "Can add order", "content_type": 12, "codename": "add_order"}}, {"model": "auth.permission", "pk": 46, "fields": {"name": "Can change order", "content_type": 12, "codename": "change_order"}}, {"model": "auth.permission", "pk": 47, "fields": {"name": "Can delete order", "content_type": 12, "codename": "delete_order"}}, {"model": "auth.permission", "pk": 48, "fields": {"name": "Can view order", "content_type": 12, "codename": "view_order"}}, {"model": "auth.permission", "pk": 49, "fields": {"name": "Can add order status code", "content_type": 13, "codename": "add_orderstatuscode"}}, {"model": "auth.permission", "pk": 50, "fields": {"name": "Can change order status code", "content_type": 13, "codename": "change_orderstatuscode"}}, {"model": "auth.permission", "pk": 51, "fields": {"name": "Can delete order status code", "content_type": 13, "codename": "delete_orderstatuscode"}}, {"model": "auth.permission", "pk": 52, "fields": {"name": "Can view order status code", "content_type": 13, "codename": "view_orderstatuscode"}}, {"model": "auth.permission", "pk": 53, "fields": {"name": "Can add order item", "content_type": 14, "codename": "add_orderitem"}}, {"model": "auth.permission", "pk": 54, "fields": {"name": "Can change order item", "content_type": 14, "codename": "change_orderitem"}}, {"model": "auth.permission", "pk": 55, "fields": {"name": "Can delete order item", "content_type": 14, "codename": "delete_orderitem"}}, {"model": "auth.permission", "pk": 56, "fields": {"name": "Can view order item", "content_type": 14, "codename": "view_orderitem"}}, {"model": "auth.permission", "pk": 57, "fields": {"name": "Can add cart", "content_type": 15, "codename": "add_cart"}}, {"model": "auth.permission", "pk": 58, "fields": {"name": "Can change cart", "content_type": 15, "codename": "change_cart"}}, {"model": "auth.permission", "pk": 59, "fields": {"name": "Can delete cart", "content_type": 15, "codename": "delete_cart"}}, {"model": "auth.permission", "pk": 60, "fields": {"name": "Can view cart", "content_type": 15, "codename": "view_cart"}}, {"model": "auth.permission", "pk": 61, "fields": {"name": "Can add cart item", "content_type": 16, "codename": "add_cartitem"}}, {"model": "auth.permission", "pk": 62, "fields": {"name": "Can change cart item", "content_type": 16, "codename": "change_cartitem"}}, {"model": "auth.permission", "pk": 63, "fields": {"name": "Can delete cart item", "content_type": 16, "codename": "delete_cartitem"}}, {"model": "auth.permission", "pk": 64, "fields": {"name": "Can view cart item", "content_type": 16, "codename": "view_cartitem"}}, {"model": "accounts.customuser", "pk": 1, "fields": {"password": "pbkdf2_sha256$150000$JbAGp90KcfMV$O981PCMxPCdYwGMCIaJYl8rvGcLgwsZO96iAdqsWbrU=", "last_login": "2019-11-06T08:56:19.435Z", "is_superuser": true, "username": "kuba", "first_name": "", "last_name": "", "email": "", "is_staff": true, "is_active": true, "date_joined": "2019-10-19T08:41:25.976Z", "created": "2019-11-04T15:46:59.751Z", "modified": "2019-11-04T15:46:59.751Z", "groups": [], "user_permissions": []}}, {"model": "accounts.customuser", "pk": 2, "fields": {"password": "pbkdf2_sha256$150000$OVJGUgxGTJDV$sR7N74Pb+DNRfPE5t5nMKk3HU/mLB8zicksiksu3wYI=", "last_login": "2019-10-22T04:58:54.386Z", "is_superuser": false, "username": "Janusz", "first_name": "Janusz", "last_name": "Kowal", "email": "janusz@januszmail.com", "is_staff": false, "is_active": true, "date_joined": "2019-10-22T04:58:53.036Z", "created": "2019-11-04T15:46:59.751Z", "modified": "2019-11-04T15:46:59.751Z", "groups": [], "user_permissions": []}}, {"model": "accounts.customuser", "pk": 3, "fields": {"password": "pbkdf2_sha256$150000$YLtUgpAFZjxG$tTEGaCwjumxiou9GaAE7d89Dad1OZAGC6gxZouHe3gI=", "last_login": "2019-11-05T21:17:17.198Z", "is_superuser": false, "username": "gab", "first_name": "jh", "last_name": "df", "email": "chgch@ogpu.pl", "is_staff": false, "is_active": true, "date_joined": "2019-10-31T16:16:20.149Z", "created": "2019-11-04T15:46:59.751Z", "modified": "2019-11-04T15:46:59.751Z", "groups": [], "user_permissions": []}}, {"model": "accounts.customuser", "pk": 4, "fields": {"password": "pbkdf2_sha256$150000$1Kc0XNfojOOO$HhGU+1aYYHxrmCYIGGj+Nf5BVS5VjW6ii0Z9O2M2kJU=", "last_login": "2019-11-22T13:28:06.609Z", "is_superuser": false, "username": "eeeee", "first_name": "jakub", "last_name": "syg", "email": "kuba.kuba@wp.pl", "is_staff": false, "is_active": true, "date_joined": "2019-11-22T13:28:06.128Z", "created": "2019-11-22T13:28:06.364Z", "modified": "2019-11-22T13:28:06.364Z", "groups": [], "user_permissions": []}}, {"model": "orders.order", "pk": 14, "fields": {"user": 1, "status_code": 3, "description": "", "created": "2019-11-04T15:46:59.758Z", "modified": "2019-11-04T20:52:37.159Z"}}, {"model": "orders.order", "pk": 15, "fields": {"user": 1, "status_code": 3, "description": "", "created": "2019-11-04T15:46:59.758Z", "modified": "2019-11-04T20:47:02.458Z"}}, {"model": "orders.order", "pk": 16, "fields": {"user": 1, "status_code": 1, "description": null, "created": "2019-11-04T15:46:59.758Z", "modified": "2019-11-04T15:46:59.758Z"}}, {"model": "orders.order", "pk": 17, "fields": {"user": 1, "status_code": 1, "description": null, "created": "2019-11-04T15:46:59.758Z", "modified": "2019-11-04T15:46:59.758Z"}}, {"model": "orders.order", "pk": 18, "fields": {"user": 1, "status_code": 1, "description": null, "created": "2019-11-04T15:46:59.758Z", "modified": "2019-11-04T15:46:59.758Z"}}, {"model": "orders.order", "pk": 19, "fields": {"user": 1, "status_code": 1, "description": null, "created": "2019-11-04T20:57:05.751Z", "modified": "2019-11-04T20:57:05.751Z"}}, {"model": "orders.order", "pk": 20, "fields": {"user": 1, "status_code": 3, "description": "", "created": "2019-11-05T15:25:59.249Z", "modified": "2019-11-05T15:27:49.266Z"}}, {"model": "orders.order", "pk": 21, "fields": {"user": 1, "status_code": 1, "description": null, "created": "2019-11-05T18:59:38.382Z", "modified": "2019-11-05T18:59:38.382Z"}}, {"model": "orders.order", "pk": 22, "fields": {"user": 1, "status_code": 1, "description": null, "created": "2019-11-05T19:32:15.302Z", "modified": "2019-11-05T19:32:15.302Z"}}, {"model": "orders.order", "pk": 23, "fields": {"user": 3, "status_code": 4, "description": "", "created": "2019-11-05T21:16:06.612Z", "modified": "2019-11-05T21:16:56.448Z"}}, {"model": "orders.order", "pk": 24, "fields": {"user": 3, "status_code": 1, "description": null, "created": "2019-11-05T21:17:49.085Z", "modified": "2019-11-05T21:17:49.085Z"}}, {"model": "orders.cartitem", "pk": 171, "fields": {"user": 2, "product": 1, "quantity": 1, "created": "2019-11-06T08:57:18.524Z", "modified": "2019-11-06T08:57:18.524Z", "toppings": [3, 6], "extras": []}}, {"model": "orders.cartitem", "pk": 172, "fields": {"user": 4, "product": 51, "quantity": 1, "created": "2019-11-22T13:28:11.619Z", "modified": "2019-11-22T13:28:11.619Z", "toppings": [], "extras": []}}, {"model": "admin.logentry", "pk": 1, "fields": {"action_time": "2019-10-19T08:42:04.830Z", "user": 1, "content_type": 6, "object_id": "1", "object_repr": "ProductType object (1)", "action_flag": 1, "change_message": "[{\"added\": {}}]"}}, {"model": "admin.logentry", "pk": 2, "fields": {"action_time": "2019-10-19T08:42:10.033Z", "user": 1, "content_type": 6, "object_id": "2", "object_repr": "ProductType object (2)", "action_flag": 1, "change_message": "[{\"added\": {}}]"}}, {"model": "admin.logentry", "pk": 3, "fields": {"action_time": "2019-10-19T08:42:12.633Z", "user": 1, "content_type": 6, "object_id": "3", "object_repr": "ProductType object (3)", "action_flag": 1, "change_message": "[{\"added\": {}}]"}}, {"model": "admin.logentry", "pk": 4, "fields": {"action_time": "2019-10-19T08:42:15.230Z", "user": 1, "content_type": 6, "object_id": "4", "object_repr": "ProductType object (4)", "action_flag": 1, "change_message": "[{\"added\": {}}]"}}, {"model": "admin.logentry", "pk": 5, "fields": {"action_time": "2019-10-19T08:42:45.723Z", "user": 1, "content_type": 6, "object_id": "4", "object_repr": "ProductType object (4)", "action_flag": 2, "change_message": "[]"}}, {"model": "admin.logentry", "pk": 6, "fields": {"action_time": "2019-10-19T08:42:53.657Z", "user": 1, "content_type": 6, "object_id": "5", "object_repr": "ProductType object (5)", "action_flag": 1, "change_message": "[{\"added\": {}}]"}}, {"model": "admin.logentry", "pk": 7, "fields": {"action_time": "2019-10-19T08:42:58.312Z", "user": 1, "content_type": 6, "object_id": "6", "object_repr": "ProductType object (6)", "action_flag": 1, "change_message": "[{\"added\": {}}]"}}, {"model": "admin.logentry", "pk": 8, "fields": {"action_time": "2019-10-19T08:47:10.365Z", "user": 1, "content_type": 7, "object_id": "1", "object_repr": "Small", "action_flag": 1, "change_message": "[{\"added\": {}}]"}}, {"model": "admin.logentry", "pk": 9, "fields": {"action_time": "2019-10-19T08:47:13.417Z", "user": 1, "content_type": 7, "object_id": "2", "object_repr": "Large", "action_flag": 1, "change_message": "[{\"added\": {}}]"}}, {"model": "admin.logentry", "pk": 10, "fields": {"action_time": "2019-10-19T08:49:26.829Z", "user": 1, "content_type": 7, "object_id": "3", "object_repr": "No size specified", "action_flag": 1, "change_message": "[{\"added\": {}}]"}}, {"model": "admin.logentry", "pk": 11, "fields": {"action_time": "2019-10-19T08:50:20.369Z", "user": 1, "content_type": 9, "object_id": "1", "object_repr": "Pepperoni", "action_flag": 1, "change_message": "[{\"added\": {}}]"}}, {"model": "admin.logentry", "pk": 12, "fields": {"action_time": "2019-10-19T08:50:24.754Z", "user": 1, "content_type": 9, "object_id": "2", "object_repr": "Sausage", "action_flag": 1, "change_message": "[{\"added\": {}}]"}}, {"model": "admin.logentry", "pk": 13, "fields": {"action_time": "2019-10-19T08:50:29.902Z", "user": 1, "content_type": 9, "object_id": "3", "object_repr": "Mushrooms", "action_flag": 1, "change_message": "[{\"added\": {}}]"}}, {"model": "admin.logentry", "pk": 14, "fields": {"action_time": "2019-10-19T08:50:37.149Z", "user": 1, "content_type": 9, "object_id": "4", "object_repr": "Onions", "action_flag": 1, "change_message": "[{\"added\": {}}]"}}, {"model": "admin.logentry", "pk": 15, "fields": {"action_time": "2019-10-19T08:50:40.228Z", "user": 1, "content_type": 9, "object_id": "5", "object_repr": "Ham", "action_flag": 1, "change_message": "[{\"added\": {}}]"}}, {"model": "admin.logentry", "pk": 16, "fields": {"action_time": "2019-10-19T08:50:49.509Z", "user": 1, "content_type": 9, "object_id": "6", "object_repr": "Canadian Bacon", "action_flag": 1, "change_message": "[{\"added\": {}}]"}}, {"model": "admin.logentry", "pk": 17, "fields": {"action_time": "2019-10-19T08:50:54.557Z", "user": 1, "content_type": 9, "object_id": "7", "object_repr": "Pineapple", "action_flag": 1, "change_message": "[{\"added\": {}}]"}}, {"model": "admin.logentry", "pk": 18, "fields": {"action_time": "2019-10-19T08:51:01.384Z", "user": 1, "content_type": 9, "object_id": "8", "object_repr": "Eggplant", "action_flag": 1, "change_message": "[{\"added\": {}}]"}}, {"model": "admin.logentry", "pk": 19, "fields": {"action_time": "2019-10-19T08:51:09.228Z", "user": 1, "content_type": 9, "object_id": "9", "object_repr": "Tomato & Basil", "action_flag": 1, "change_message": "[{\"added\": {}}]"}}, {"model": "admin.logentry", "pk": 20, "fields": {"action_time": "2019-10-19T08:51:16.055Z", "user": 1, "content_type": 9, "object_id": "10", "object_repr": "Green Peppers", "action_flag": 1, "change_message": "[{\"added\": {}}]"}}, {"model": "admin.logentry", "pk": 21, "fields": {"action_time": "2019-10-19T08:51:20.453Z", "user": 1, "content_type": 9, "object_id": "11", "object_repr": "Hamburger", "action_flag": 1, "change_message": "[{\"added\": {}}]"}}, {"model": "admin.logentry", "pk": 22, "fields": {"action_time": "2019-10-19T08:51:24.030Z", "user": 1, "content_type": 9, "object_id": "12", "object_repr": "Spinach", "action_flag": 1, "change_message": "[{\"added\": {}}]"}}, {"model": "admin.logentry", "pk": 23, "fields": {"action_time": "2019-10-19T08:51:30.449Z", "user": 1, "content_type": 9, "object_id": "13", "object_repr": "Artichoke", "action_flag": 1, "change_message": "[{\"added\": {}}]"}}, {"model": "admin.logentry", "pk": 24, "fields": {"action_time": "2019-10-19T08:51:37.717Z", "user": 1, "content_type": 9, "object_id": "14", "object_repr": "Buffalo Chicken", "action_flag": 1, "change_message": "[{\"added\": {}}]"}}, {"model": "admin.logentry", "pk": 25, "fields": {"action_time": "2019-10-19T08:51:44.112Z", "user": 1, "content_type": 9, "object_id": "15", "object_repr": "Barbecue Chicken", "action_flag": 1, "change_message": "[{\"added\": {}}]"}}, {"model": "admin.logentry", "pk": 26, "fields": {"action_time": "2019-10-19T08:51:50.885Z", "user": 1, "content_type": 9, "object_id": "16", "object_repr": "Anchovies", "action_flag": 1, "change_message": "[{\"added\": {}}]"}}, {"model": "admin.logentry", "pk": 27, "fields": {"action_time": "2019-10-19T08:51:57.784Z", "user": 1, "content_type": 9, "object_id": "17", "object_repr": "Black Olives", "action_flag": 1, "change_message": "[{\"added\": {}}]"}}, {"model": "admin.logentry", "pk": 28, "fields": {"action_time": "2019-10-19T08:52:01.962Z", "user": 1, "content_type": 9, "object_id": "18", "object_repr": "Fresh Garlic", "action_flag": 1, "change_message": "[{\"added\": {}}]"}}, {"model": "admin.logentry", "pk": 29, "fields": {"action_time": "2019-10-19T08:52:07.018Z", "user": 1, "content_type": 9, "object_id": "19", "object_repr": "Zucchini", "action_flag": 1, "change_message": "[{\"added\": {}}]"}}, {"model": "admin.logentry", "pk": 30, "fields": {"action_time": "2019-10-19T08:52:38.870Z", "user": 1, "content_type": 8, "object_id": "1", "object_repr": "Mushrooms", "action_flag": 1, "change_message": "[{\"added\": {}}]"}}, {"model": "admin.logentry", "pk": 31, "fields": {"action_time": "2019-10-19T08:52:48.488Z", "user": 1, "content_type": 8, "object_id": "2", "object_repr": "Green Peppers", "action_flag": 1, "change_message": "[{\"added\": {}}]"}}, {"model": "admin.logentry", "pk": 32, "fields": {"action_time": "2019-10-19T08:52:55.605Z", "user": 1, "content_type": 8, "object_id": "3", "object_repr": "Onions", "action_flag": 1, "change_message": "[{\"added\": {}}]"}}, {"model": "admin.logentry", "pk": 33, "fields": {"action_time": "2019-10-19T08:53:06.374Z", "user": 1, "content_type": 8, "object_id": "4", "object_repr": "Cheese", "action_flag": 1, "change_message": "[{\"added\": {}}]"}}, {"model": "admin.logentry", "pk": 34, "fields": {"action_time": "2019-10-19T08:53:30.778Z", "user": 1, "content_type": 10, "object_id": "1", "object_repr": "Regular Pizza Cheese Small - 12.7$", "action_flag": 1, "change_message": "[{\"added\": {}}]"}}, {"model": "admin.logentry", "pk": 35, "fields": {"action_time": "2019-10-19T08:53:43.396Z", "user": 1, "content_type": 10, "object_id": "2", "object_repr": "Regular Pizza 1 topping Small - 13.70$", "action_flag": 1, "change_message": "[{\"added\": {}}]"}}, {"model": "admin.logentry", "pk": 36, "fields": {"action_time": "2019-10-19T08:57:53.893Z", "user": 1, "content_type": 10, "object_id": "3", "object_repr": "Regular Pizza 2 toppings Small - 15.20$", "action_flag": 1, "change_message": "[{\"added\": {}}]"}}, {"model": "admin.logentry", "pk": 37, "fields": {"action_time": "2019-10-19T08:58:08.871Z", "user": 1, "content_type": 10, "object_id": "4", "object_repr": "Regular Pizza 3 toppings Small - 16.2$", "action_flag": 1, "change_message": "[{\"added\": {}}]"}}, {"model": "admin.logentry", "pk": 38, "fields": {"action_time": "2019-10-19T08:58:21.692Z", "user": 1, "content_type": 10, "object_id": "5", "object_repr": "Regular Pizza Special Small - 17.75$", "action_flag": 1, "change_message": "[{\"added\": {}}]"}}, {"model": "admin.logentry", "pk": 39, "fields": {"action_time": "2019-10-19T08:58:38.827Z", "user": 1, "content_type": 10, "object_id": "6", "object_repr": "Regular Pizza Cheese Large - 17.95$", "action_flag": 1, "change_message": "[{\"added\": {}}]"}}, {"model": "admin.logentry", "pk": 40, "fields": {"action_time": "2019-10-19T08:58:50.885Z", "user": 1, "content_type": 10, "object_id": "7", "object_repr": "Regular Pizza 1 topping Large - 19.95$", "action_flag": 1, "change_message": "[{\"added\": {}}]"}}, {"model": "admin.logentry", "pk": 41, "fields": {"action_time": "2019-10-19T08:59:04.399Z", "user": 1, "content_type": 10, "object_id": "8", "object_repr": "Regular Pizza 2 toppings Large - 21.95$", "action_flag": 1, "change_message": "[{\"added\": {}}]"}}, {"model": "admin.logentry", "pk": 42, "fields": {"action_time": "2019-10-19T08:59:15.063Z", "user": 1, "content_type": 10, "object_id": "9", "object_repr": "Regular Pizza 3 toppings Large - 23.95$", "action_flag": 1, "change_message": "[{\"added\": {}}]"}}, {"model": "admin.logentry", "pk": 43, "fields": {"action_time": "2019-10-19T08:59:25.434Z", "user": 1, "content_type": 10, "object_id": "10", "object_repr": "Regular Pizza Special Large - 25.95$", "action_flag": 1, "change_message": "[{\"added\": {}}]"}}, {"model": "admin.logentry", "pk": 44, "fields": {"action_time": "2019-10-19T08:59:50.019Z", "user": 1, "content_type": 10, "object_id": "11", "object_repr": "Sicilian Pizza Cheese Small - 24.45$", "action_flag": 1, "change_message": "[{\"added\": {}}]"}}, {"model": "admin.logentry", "pk": 45, "fields": {"action_time": "2019-10-19T09:00:09.313Z", "user": 1, "content_type": 10, "object_id": "12", "object_repr": "Sicilian Pizza 1 topping Small - 26.45$", "action_flag": 1, "change_message": "[{\"added\": {}}]"}}, {"model": "admin.logentry", "pk": 46, "fields": {"action_time": "2019-10-19T09:00:22.039Z", "user": 1, "content_type": 10, "object_id": "13", "object_repr": "Sicilian Pizza 2 toppings Small - 28.45$", "action_flag": 1, "change_message": "[{\"added\": {}}]"}}, {"model": "admin.logentry", "pk": 47, "fields": {"action_time": "2019-10-19T09:00:38.994Z", "user": 1, "content_type": 10, "object_id": "14", "object_repr": "Sicilian Pizza 3 toppings Small - 29.45$", "action_flag": 1, "change_message": "[{\"added\": {}}]"}}, {"model": "admin.logentry", "pk": 48, "fields": {"action_time": "2019-10-19T09:00:48.727Z", "user": 1, "content_type": 10, "object_id": "15", "object_repr": "Sicilian Pizza Special Small - 30.45$", "action_flag": 1, "change_message": "[{\"added\": {}}]"}}, {"model": "admin.logentry", "pk": 49, "fields": {"action_time": "2019-10-19T09:01:01.896Z", "user": 1, "content_type": 10, "object_id": "16", "object_repr": "Sicilian Pizza Cheese Large - 38.70$", "action_flag": 1, "change_message": "[{\"added\": {}}]"}}, {"model": "admin.logentry", "pk": 50, "fields": {"action_time": "2019-10-19T09:01:12.116Z", "user": 1, "content_type": 10, "object_id": "17", "object_repr": "Sicilian Pizza 1 topping Large - 40.7$", "action_flag": 1, "change_message": "[{\"added\": {}}]"}}, {"model": "admin.logentry", "pk": 51, "fields": {"action_time": "2019-10-19T09:01:24.128Z", "user": 1, "content_type": 10, "object_id": "18", "object_repr": "Sicilian Pizza 2 toppings Large - 42.7$", "action_flag": 1, "change_message": "[{\"added\": {}}]"}}, {"model": "admin.logentry", "pk": 52, "fields": {"action_time": "2019-10-19T09:01:37.452Z", "user": 1, "content_type": 10, "object_id": "19", "object_repr": "Sicilian Pizza 3 toppings Large - 44.7$", "action_flag": 1, "change_message": "[{\"added\": {}}]"}}, {"model": "admin.logentry", "pk": 53, "fields": {"action_time": "2019-10-19T09:01:47.087Z", "user": 1, "content_type": 10, "object_id": "20", "object_repr": "Sicilian Pizza Special Large - 45.7$", "action_flag": 1, "change_message": "[{\"added\": {}}]"}}, {"model": "admin.logentry", "pk": 54, "fields": {"action_time": "2019-10-19T09:02:02.220Z", "user": 1, "content_type": 10, "object_id": "21", "object_repr": "Sub Cheese Small - 6.50$", "action_flag": 1, "change_message": "[{\"added\": {}}]"}}, {"model": "admin.logentry", "pk": 55, "fields": {"action_time": "2019-10-19T09:02:12.794Z", "user": 1, "content_type": 10, "object_id": "22", "object_repr": "Sub Cheese Large - 7.95$", "action_flag": 1, "change_message": "[{\"added\": {}}]"}}, {"model": "admin.logentry", "pk": 56, "fields": {"action_time": "2019-10-19T09:02:22.654Z", "user": 1, "content_type": 10, "object_id": "23", "object_repr": "Sub Italian Small - 6.50$", "action_flag": 1, "change_message": "[{\"added\": {}}]"}}, {"model": "admin.logentry", "pk": 57, "fields": {"action_time": "2019-10-19T09:02:32.851Z", "user": 1, "content_type": 10, "object_id": "24", "object_repr": "Sub Italian Large - 7.95$", "action_flag": 1, "change_message": "[{\"added\": {}}]"}}, {"model": "admin.logentry", "pk": 58, "fields": {"action_time": "2019-10-19T09:02:47.098Z", "user": 1, "content_type": 10, "object_id": "25", "object_repr": "Sub Ham + Cheese Small - 6.50$", "action_flag": 1, "change_message": "[{\"added\": {}}]"}}, {"model": "admin.logentry", "pk": 59, "fields": {"action_time": "2019-10-19T09:02:53.430Z", "user": 1, "content_type": 10, "object_id": "26", "object_repr": "Sub Ham + Cheese Large - 7.95$", "action_flag": 1, "change_message": "[{\"added\": {}}]"}}, {"model": "admin.logentry", "pk": 60, "fields": {"action_time": "2019-10-19T09:03:03.536Z", "user": 1, "content_type": 10, "object_id": "27", "object_repr": "Sub Meatball Small - 6.5$", "action_flag": 1, "change_message": "[{\"added\": {}}]"}}, {"model": "admin.logentry", "pk": 61, "fields": {"action_time": "2019-10-19T09:03:12.331Z", "user": 1, "content_type": 10, "object_id": "28", "object_repr": "Sub Meatball Large - 7.95$", "action_flag": 1, "change_message": "[{\"added\": {}}]"}}, {"model": "admin.logentry", "pk": 62, "fields": {"action_time": "2019-10-19T09:03:23.186Z", "user": 1, "content_type": 10, "object_id": "29", "object_repr": "Sub Tuna Small - 6.5$", "action_flag": 1, "change_message": "[{\"added\": {}}]"}}, {"model": "admin.logentry", "pk": 63, "fields": {"action_time": "2019-10-19T09:03:32.969Z", "user": 1, "content_type": 10, "object_id": "30", "object_repr": "Sub Tuna Large - 7.95$", "action_flag": 1, "change_message": "[{\"added\": {}}]"}}, {"model": "admin.logentry", "pk": 64, "fields": {"action_time": "2019-10-19T09:03:45.282Z", "user": 1, "content_type": 10, "object_id": "31", "object_repr": "Sub Turkey Small - 7.5$", "action_flag": 1, "change_message": "[{\"added\": {}}]"}}, {"model": "admin.logentry", "pk": 65, "fields": {"action_time": "2019-10-19T09:03:54.107Z", "user": 1, "content_type": 10, "object_id": "32", "object_repr": "Sub Turkey Large - 8.5$", "action_flag": 1, "change_message": "[{\"added\": {}}]"}}, {"model": "admin.logentry", "pk": 66, "fields": {"action_time": "2019-10-19T09:04:03.729Z", "user": 1, "content_type": 10, "object_id": "33", "object_repr": "Sub Chicken Parmigiana Small - 7.5$", "action_flag": 1, "change_message": "[{\"added\": {}}]"}}, {"model": "admin.logentry", "pk": 67, "fields": {"action_time": "2019-10-19T09:04:12.112Z", "user": 1, "content_type": 10, "object_id": "34", "object_repr": "Sub Chicken Parmigiana Large - 8.5$", "action_flag": 1, "change_message": "[{\"added\": {}}]"}}, {"model": "admin.logentry", "pk": 68, "fields": {"action_time": "2019-10-19T09:04:24.104Z", "user": 1, "content_type": 10, "object_id": "35", "object_repr": "Sub Eggplant Parmigiana Small - 6.5$", "action_flag": 1, "change_message": "[{\"added\": {}}]"}}, {"model": "admin.logentry", "pk": 69, "fields": {"action_time": "2019-10-19T09:04:31.857Z", "user": 1, "content_type": 10, "object_id": "36", "object_repr": "Sub Eggplant Parmigiana Large - 7.95$", "action_flag": 1, "change_message": "[{\"added\": {}}]"}}, {"model": "admin.logentry", "pk": 70, "fields": {"action_time": "2019-10-19T09:04:41.502Z", "user": 1, "content_type": 10, "object_id": "37", "object_repr": "Sub Steak Small - 6.5$", "action_flag": 1, "change_message": "[{\"added\": {}}]"}}, {"model": "admin.logentry", "pk": 71, "fields": {"action_time": "2019-10-19T09:04:51.325Z", "user": 1, "content_type": 10, "object_id": "38", "object_repr": "Sub Steak Large - 7.95$", "action_flag": 1, "change_message": "[{\"added\": {}}]"}}, {"model": "admin.logentry", "pk": 72, "fields": {"action_time": "2019-10-19T09:05:03.694Z", "user": 1, "content_type": 10, "object_id": "39", "object_repr": "Sub Steak + Cheese Small - 6.95$", "action_flag": 1, "change_message": "[{\"added\": {}}]"}}, {"model": "admin.logentry", "pk": 73, "fields": {"action_time": "2019-10-19T09:05:09.876Z", "user": 1, "content_type": 10, "object_id": "40", "object_repr": "Sub Steak + Cheese Large - 8.5$", "action_flag": 1, "change_message": "[{\"added\": {}}]"}}, {"model": "admin.logentry", "pk": 74, "fields": {"action_time": "2019-10-19T09:05:27.171Z", "user": 1, "content_type": 10, "object_id": "41", "object_repr": "Sub Sausage, Peppers & Onions Large - 8.5$", "action_flag": 1, "change_message": "[{\"added\": {}}]"}}, {"model": "admin.logentry", "pk": 75, "fields": {"action_time": "2019-10-19T09:05:37.557Z", "user": 1, "content_type": 10, "object_id": "42", "object_repr": "Sub Hamburger Small - 4.6$", "action_flag": 1, "change_message": "[{\"added\": {}}]"}}, {"model": "admin.logentry", "pk": 76, "fields": {"action_time": "2019-10-19T09:05:44.700Z", "user": 1, "content_type": 10, "object_id": "43", "object_repr": "Sub Hamburger Large - 6.95$", "action_flag": 1, "change_message": "[{\"added\": {}}]"}}, {"model": "admin.logentry", "pk": 77, "fields": {"action_time": "2019-10-19T09:05:54.689Z", "user": 1, "content_type": 10, "object_id": "44", "object_repr": "Sub Cheeseburger Small - 5.1$", "action_flag": 1, "change_message": "[{\"added\": {}}]"}}, {"model": "admin.logentry", "pk": 78, "fields": {"action_time": "2019-10-19T09:06:00.895Z", "user": 1, "content_type": 10, "object_id": "45", "object_repr": "Sub Cheeseburger Large - 7.45$", "action_flag": 1, "change_message": "[{\"added\": {}}]"}}, {"model": "admin.logentry", "pk": 79, "fields": {"action_time": "2019-10-19T09:06:10.562Z", "user": 1, "content_type": 10, "object_id": "46", "object_repr": "Sub Fried Chicken Small - 6.95$", "action_flag": 1, "change_message": "[{\"added\": {}}]"}}, {"model": "admin.logentry", "pk": 80, "fields": {"action_time": "2019-10-19T09:06:19.737Z", "user": 1, "content_type": 10, "object_id": "47", "object_repr": "Sub Fried Chicken Large - 8.5$", "action_flag": 1, "change_message": "[{\"added\": {}}]"}}, {"model": "admin.logentry", "pk": 81, "fields": {"action_time": "2019-10-19T09:06:31.297Z", "user": 1, "content_type": 10, "object_id": "48", "object_repr": "Sub Veggie Small - 6.95$", "action_flag": 1, "change_message": "[{\"added\": {}}]"}}, {"model": "admin.logentry", "pk": 82, "fields": {"action_time": "2019-10-19T09:06:39.907Z", "user": 1, "content_type": 10, "object_id": "49", "object_repr": "Sub Veggie Large - 8.5$", "action_flag": 1, "change_message": "[{\"added\": {}}]"}}, {"model": "admin.logentry", "pk": 83, "fields": {"action_time": "2019-10-19T09:07:08.110Z", "user": 1, "content_type": 10, "object_id": "50", "object_repr": "Pasta Baked Ziti with Mozzarella No size specified - 6.5$", "action_flag": 1, "change_message": "[{\"added\": {}}]"}}, {"model": "admin.logentry", "pk": 84, "fields": {"action_time": "2019-10-19T09:07:27.163Z", "user": 1, "content_type": 10, "object_id": "51", "object_repr": "Pasta Baked Ziti with Meatballs No size specified - 8.75$", "action_flag": 1, "change_message": "[{\"added\": {}}]"}}, {"model": "admin.logentry", "pk": 85, "fields": {"action_time": "2019-10-19T09:07:44.331Z", "user": 1, "content_type": 10, "object_id": "52", "object_repr": "Pasta Baked Ziti with Chicken No size specified - 9.75$", "action_flag": 1, "change_message": "[{\"added\": {}}]"}}, {"model": "admin.logentry", "pk": 86, "fields": {"action_time": "2019-10-19T09:07:55.813Z", "user": 1, "content_type": 10, "object_id": "53", "object_repr": "Salad Garden Salad No size specified - 6.25$", "action_flag": 1, "change_message": "[{\"added\": {}}]"}}, {"model": "admin.logentry", "pk": 87, "fields": {"action_time": "2019-10-19T09:08:07.878Z", "user": 1, "content_type": 10, "object_id": "54", "object_repr": "Salad Greek Salad No size specified - 8.25$", "action_flag": 1, "change_message": "[{\"added\": {}}]"}}, {"model": "admin.logentry", "pk": 88, "fields": {"action_time": "2019-10-19T09:08:17.121Z", "user": 1, "content_type": 10, "object_id": "55", "object_repr": "Salad Antipasto No size specified - 8.25$", "action_flag": 1, "change_message": "[{\"added\": {}}]"}}, {"model": "admin.logentry", "pk": 89, "fields": {"action_time": "2019-10-19T09:08:30.799Z", "user": 1, "content_type": 10, "object_id": "56", "object_repr": "Salad Salad with Tuna No size specified - 8.25$", "action_flag": 1, "change_message": "[{\"added\": {}}]"}}, {"model": "admin.logentry", "pk": 90, "fields": {"action_time": "2019-10-19T09:08:47.969Z", "user": 1, "content_type": 10, "object_id": "57", "object_repr": "Dinner Platter Garden Salad Small - 35$", "action_flag": 1, "change_message": "[{\"added\": {}}]"}}, {"model": "admin.logentry", "pk": 91, "fields": {"action_time": "2019-10-19T09:08:55.156Z", "user": 1, "content_type": 10, "object_id": "58", "object_repr": "Dinner Platter Garden Salad Large - 60$", "action_flag": 1, "change_message": "[{\"added\": {}}]"}}, {"model": "admin.logentry", "pk": 92, "fields": {"action_time": "2019-10-19T09:09:04.050Z", "user": 1, "content_type": 10, "object_id": "59", "object_repr": "Dinner Platter Greek Salad Small - 45$", "action_flag": 1, "change_message": "[{\"added\": {}}]"}}, {"model": "admin.logentry", "pk": 93, "fields": {"action_time": "2019-10-19T09:09:11.195Z", "user": 1, "content_type": 10, "object_id": "60", "object_repr": "Dinner Platter Greek Salad Large - 70$", "action_flag": 1, "change_message": "[{\"added\": {}}]"}}, {"model": "admin.logentry", "pk": 94, "fields": {"action_time": "2019-10-19T09:09:20.235Z", "user": 1, "content_type": 10, "object_id": "61", "object_repr": "Dinner Platter Antipasto Small - 45$", "action_flag": 1, "change_message": "[{\"added\": {}}]"}}, {"model": "admin.logentry", "pk": 95, "fields": {"action_time": "2019-10-19T09:09:29.691Z", "user": 1, "content_type": 10, "object_id": "62", "object_repr": "Dinner Platter Antipasto Large - 70$", "action_flag": 1, "change_message": "[{\"added\": {}}]"}}, {"model": "admin.logentry", "pk": 96, "fields": {"action_time": "2019-10-19T09:09:39.107Z", "user": 1, "content_type": 10, "object_id": "63", "object_repr": "Dinner Platter Baked Ziti Small - 35$", "action_flag": 1, "change_message": "[{\"added\": {}}]"}}, {"model": "admin.logentry", "pk": 97, "fields": {"action_time": "2019-10-19T09:09:48.595Z", "user": 1, "content_type": 10, "object_id": "64", "object_repr": "Dinner Platter Baked Ziti Large - 60$", "action_flag": 1, "change_message": "[{\"added\": {}}]"}}, {"model": "admin.logentry", "pk": 98, "fields": {"action_time": "2019-10-19T09:09:57.767Z", "user": 1, "content_type": 10, "object_id": "65", "object_repr": "Dinner Platter Meatball Parm Small - 45$", "action_flag": 1, "change_message": "[{\"added\": {}}]"}}, {"model": "admin.logentry", "pk": 99, "fields": {"action_time": "2019-10-19T09:10:04.377Z", "user": 1, "content_type": 10, "object_id": "66", "object_repr": "Dinner Platter Meatball Parm Large - 70$", "action_flag": 1, "change_message": "[{\"added\": {}}]"}}, {"model": "admin.logentry", "pk": 100, "fields": {"action_time": "2019-10-19T09:10:16.372Z", "user": 1, "content_type": 10, "object_id": "67", "object_repr": "Dinner Platter Chicken Parm Small - 45$", "action_flag": 1, "change_message": "[{\"added\": {}}]"}}, {"model": "admin.logentry", "pk": 101, "fields": {"action_time": "2019-10-19T09:10:23.522Z", "user": 1, "content_type": 10, "object_id": "68", "object_repr": "Dinner Platter Chicken Parm Large - 80$", "action_flag": 1, "change_message": "[{\"added\": {}}]"}}, {"model": "admin.logentry", "pk": 102, "fields": {"action_time": "2019-10-21T08:36:12.872Z", "user": 1, "content_type": 15, "object_id": "1", "object_repr": "1 of Regular Pizza Cheese Small - 12.70$", "action_flag": 3, "change_message": ""}}, {"model": "admin.logentry", "pk": 103, "fields": {"action_time": "2019-10-21T11:16:35.366Z", "user": 1, "content_type": 16, "object_id": "1", "object_repr": "1 of Regular Pizza Cheese Small - 12.70$", "action_flag": 3, "change_message": ""}}, {"model": "admin.logentry", "pk": 104, "fields": {"action_time": "2019-10-21T11:18:38.077Z", "user": 1, "content_type": 16, "object_id": "6", "object_repr": "1 of Regular Pizza 3 toppings Large - 23.95$", "action_flag": 3, "change_message": ""}}, {"model": "admin.logentry", "pk": 105, "fields": {"action_time": "2019-10-21T11:18:38.083Z", "user": 1, "content_type": 16, "object_id": "5", "object_repr": "1 of Regular Pizza 3 toppings Large - 23.95$", "action_flag": 3, "change_message": ""}}, {"model": "admin.logentry", "pk": 106, "fields": {"action_time": "2019-10-21T11:18:38.089Z", "user": 1, "content_type": 16, "object_id": "4", "object_repr": "1 of Regular Pizza 3 toppings Large - 23.95$", "action_flag": 3, "change_message": ""}}, {"model": "admin.logentry", "pk": 107, "fields": {"action_time": "2019-10-21T11:18:38.094Z", "user": 1, "content_type": 16, "object_id": "3", "object_repr": "1 of Regular Pizza 3 toppings Large - 23.95$", "action_flag": 3, "change_message": ""}}, {"model": "admin.logentry", "pk": 108, "fields": {"action_time": "2019-10-21T11:18:38.099Z", "user": 1, "content_type": 16, "object_id": "2", "object_repr": "1 of Regular Pizza 3 toppings Large - 23.95$", "action_flag": 3, "change_message": ""}}, {"model": "admin.logentry", "pk": 109, "fields": {"action_time": "2019-10-21T11:29:23.969Z", "user": 1, "content_type": 16, "object_id": "12", "object_repr": "4 of Sicilian Pizza 3 toppings Large - 44.70$", "action_flag": 2, "change_message": "[{\"changed\": {\"fields\": [\"toppings\"]}}]"}}, {"model": "admin.logentry", "pk": 110, "fields": {"action_time": "2019-10-21T15:04:35.050Z", "user": 1, "content_type": 13, "object_id": "1", "object_repr": "Open", "action_flag": 1, "change_message": "[{\"added\": {}}]"}}, {"model": "admin.logentry", "pk": 111, "fields": {"action_time": "2019-10-21T15:04:39.262Z", "user": 1, "content_type": 13, "object_id": "2", "object_repr": "Canceled", "action_flag": 1, "change_message": "[{\"added\": {}}]"}}, {"model": "admin.logentry", "pk": 112, "fields": {"action_time": "2019-10-21T15:04:46.135Z", "user": 1, "content_type": 13, "object_id": "3", "object_repr": "Delivered", "action_flag": 1, "change_message": "[{\"added\": {}}]"}}, {"model": "admin.logentry", "pk": 113, "fields": {"action_time": "2019-10-23T08:20:22.344Z", "user": 1, "content_type": 16, "object_id": "34", "object_repr": "2 of Sub Steak + Cheese Small - 6.95$", "action_flag": 3, "change_message": ""}}, {"model": "admin.logentry", "pk": 114, "fields": {"action_time": "2019-10-23T08:20:22.351Z", "user": 1, "content_type": 16, "object_id": "33", "object_repr": "1 of Sub Steak + Cheese Small - 6.95$", "action_flag": 3, "change_message": ""}}, {"model": "admin.logentry", "pk": 115, "fields": {"action_time": "2019-10-23T08:20:22.358Z", "user": 1, "content_type": 16, "object_id": "31", "object_repr": "1 of Sub Steak + Cheese Small - 6.95$", "action_flag": 3, "change_message": ""}}, {"model": "admin.logentry", "pk": 116, "fields": {"action_time": "2019-10-23T08:20:22.363Z", "user": 1, "content_type": 16, "object_id": "30", "object_repr": "1 of Sub Steak + Cheese Small - 6.95$", "action_flag": 3, "change_message": ""}}, {"model": "admin.logentry", "pk": 117, "fields": {"action_time": "2019-10-23T08:20:22.370Z", "user": 1, "content_type": 16, "object_id": "21", "object_repr": "1 of Sicilian Pizza Cheese Small - 24.45$", "action_flag": 3, "change_message": ""}}, {"model": "admin.logentry", "pk": 118, "fields": {"action_time": "2019-10-23T08:20:22.376Z", "user": 1, "content_type": 16, "object_id": "20", "object_repr": "1 of Sicilian Pizza Cheese Small - 24.45$", "action_flag": 3, "change_message": ""}}, {"model": "admin.logentry", "pk": 119, "fields": {"action_time": "2019-10-23T08:20:22.383Z", "user": 1, "content_type": 16, "object_id": "19", "object_repr": "1 of Regular Pizza Cheese Small - 12.70$", "action_flag": 3, "change_message": ""}}, {"model": "admin.logentry", "pk": 120, "fields": {"action_time": "2019-10-23T08:20:22.388Z", "user": 1, "content_type": 16, "object_id": "18", "object_repr": "1 of Regular Pizza Cheese Small - 12.70$", "action_flag": 3, "change_message": ""}}, {"model": "admin.logentry", "pk": 121, "fields": {"action_time": "2019-10-23T08:20:22.394Z", "user": 1, "content_type": 16, "object_id": "17", "object_repr": "1 of Regular Pizza Cheese Small - 12.70$", "action_flag": 3, "change_message": ""}}, {"model": "admin.logentry", "pk": 122, "fields": {"action_time": "2019-10-23T08:20:22.400Z", "user": 1, "content_type": 16, "object_id": "16", "object_repr": "1 of Sicilian Pizza Special Large - 45.70$", "action_flag": 3, "change_message": ""}}, {"model": "admin.logentry", "pk": 123, "fields": {"action_time": "2019-10-23T08:20:22.406Z", "user": 1, "content_type": 16, "object_id": "15", "object_repr": "20 of Regular Pizza 3 toppings Large - 23.95$", "action_flag": 3, "change_message": ""}}, {"model": "admin.logentry", "pk": 124, "fields": {"action_time": "2019-10-23T08:20:22.411Z", "user": 1, "content_type": 16, "object_id": "14", "object_repr": "1 of Sicilian Pizza 3 toppings Small - 29.45$", "action_flag": 3, "change_message": ""}}, {"model": "admin.logentry", "pk": 125, "fields": {"action_time": "2019-10-23T08:20:22.417Z", "user": 1, "content_type": 16, "object_id": "13", "object_repr": "1 of Regular Pizza Cheese Small - 12.70$", "action_flag": 3, "change_message": ""}}, {"model": "admin.logentry", "pk": 126, "fields": {"action_time": "2019-10-23T08:20:22.424Z", "user": 1, "content_type": 16, "object_id": "12", "object_repr": "4 of Sicilian Pizza 3 toppings Large - 44.70$", "action_flag": 3, "change_message": ""}}, {"model": "admin.logentry", "pk": 127, "fields": {"action_time": "2019-10-23T08:20:22.432Z", "user": 1, "content_type": 16, "object_id": "11", "object_repr": "2 of Sicilian Pizza Special Large - 45.70$", "action_flag": 3, "change_message": ""}}, {"model": "admin.logentry", "pk": 128, "fields": {"action_time": "2019-10-23T08:20:22.437Z", "user": 1, "content_type": 16, "object_id": "10", "object_repr": "1 of Sicilian Pizza Special Small - 30.45$", "action_flag": 3, "change_message": ""}}, {"model": "admin.logentry", "pk": 129, "fields": {"action_time": "2019-10-23T08:20:22.443Z", "user": 1, "content_type": 16, "object_id": "9", "object_repr": "3 of Sicilian Pizza Special Small - 30.45$", "action_flag": 3, "change_message": ""}}, {"model": "admin.logentry", "pk": 130, "fields": {"action_time": "2019-10-23T08:20:22.450Z", "user": 1, "content_type": 16, "object_id": "8", "object_repr": "1 of Regular Pizza 2 toppings Small - 15.20$", "action_flag": 3, "change_message": ""}}, {"model": "admin.logentry", "pk": 131, "fields": {"action_time": "2019-10-23T08:20:22.457Z", "user": 1, "content_type": 16, "object_id": "7", "object_repr": "1 of Sicilian Pizza 2 toppings Small - 28.45$", "action_flag": 3, "change_message": ""}}, {"model": "admin.logentry", "pk": 132, "fields": {"action_time": "2019-10-27T20:44:52.058Z", "user": 1, "content_type": 16, "object_id": "71", "object_repr": "1 of Regular Pizza 3 toppings Large - 23.95$", "action_flag": 3, "change_message": ""}}, {"model": "admin.logentry", "pk": 133, "fields": {"action_time": "2019-10-27T20:44:52.070Z", "user": 1, "content_type": 16, "object_id": "70", "object_repr": "1 of Regular Pizza Cheese Small - 12.70$", "action_flag": 3, "change_message": ""}}, {"model": "admin.logentry", "pk": 134, "fields": {"action_time": "2019-10-27T20:44:52.077Z", "user": 1, "content_type": 16, "object_id": "69", "object_repr": "-1 of Regular Pizza 1 topping Small - 13.70$", "action_flag": 3, "change_message": ""}}, {"model": "admin.logentry", "pk": 135, "fields": {"action_time": "2019-10-27T20:44:52.086Z", "user": 1, "content_type": 16, "object_id": "68", "object_repr": "1 of Sicilian Pizza 1 topping Small - 26.45$", "action_flag": 3, "change_message": ""}}, {"model": "admin.logentry", "pk": 136, "fields": {"action_time": "2019-10-27T20:44:52.095Z", "user": 1, "content_type": 16, "object_id": "67", "object_repr": "18 of Sicilian Pizza Cheese Small - 24.45$", "action_flag": 3, "change_message": ""}}, {"model": "admin.logentry", "pk": 137, "fields": {"action_time": "2019-10-27T20:44:52.104Z", "user": 1, "content_type": 16, "object_id": "66", "object_repr": "1 of Regular Pizza 1 topping Small - 13.70$", "action_flag": 3, "change_message": ""}}, {"model": "admin.logentry", "pk": 138, "fields": {"action_time": "2019-10-27T20:44:52.110Z", "user": 1, "content_type": 16, "object_id": "65", "object_repr": "1 of Regular Pizza Cheese Small - 12.70$", "action_flag": 3, "change_message": ""}}, {"model": "admin.logentry", "pk": 139, "fields": {"action_time": "2019-10-27T20:44:52.117Z", "user": 1, "content_type": 16, "object_id": "64", "object_repr": "1 of Regular Pizza Cheese Small - 12.70$", "action_flag": 3, "change_message": ""}}, {"model": "admin.logentry", "pk": 140, "fields": {"action_time": "2019-10-27T20:44:52.124Z", "user": 1, "content_type": 16, "object_id": "63", "object_repr": "1 of Sicilian Pizza Cheese Small - 24.45$", "action_flag": 3, "change_message": ""}}, {"model": "admin.logentry", "pk": 141, "fields": {"action_time": "2019-10-27T20:44:52.130Z", "user": 1, "content_type": 16, "object_id": "62", "object_repr": "1 of Sicilian Pizza Cheese Small - 24.45$", "action_flag": 3, "change_message": ""}}, {"model": "admin.logentry", "pk": 142, "fields": {"action_time": "2019-10-27T20:44:52.137Z", "user": 1, "content_type": 16, "object_id": "61", "object_repr": "1 of Regular Pizza Cheese Small - 12.70$", "action_flag": 3, "change_message": ""}}, {"model": "admin.logentry", "pk": 143, "fields": {"action_time": "2019-10-27T20:44:52.144Z", "user": 1, "content_type": 16, "object_id": "60", "object_repr": "1 of Regular Pizza Cheese Small - 12.70$", "action_flag": 3, "change_message": ""}}, {"model": "admin.logentry", "pk": 144, "fields": {"action_time": "2019-10-27T20:44:52.151Z", "user": 1, "content_type": 16, "object_id": "59", "object_repr": "1 of Regular Pizza Cheese Small - 12.70$", "action_flag": 3, "change_message": ""}}, {"model": "admin.logentry", "pk": 145, "fields": {"action_time": "2019-10-27T20:44:52.158Z", "user": 1, "content_type": 16, "object_id": "58", "object_repr": "1 of Regular Pizza Cheese Small - 12.70$", "action_flag": 3, "change_message": ""}}, {"model": "admin.logentry", "pk": 146, "fields": {"action_time": "2019-10-27T20:44:52.165Z", "user": 1, "content_type": 16, "object_id": "57", "object_repr": "1 of Regular Pizza Cheese Small - 12.70$", "action_flag": 3, "change_message": ""}}, {"model": "admin.logentry", "pk": 147, "fields": {"action_time": "2019-10-27T20:44:52.173Z", "user": 1, "content_type": 16, "object_id": "56", "object_repr": "1 of Regular Pizza 1 topping Small - 13.70$", "action_flag": 3, "change_message": ""}}, {"model": "admin.logentry", "pk": 148, "fields": {"action_time": "2019-10-27T20:44:52.182Z", "user": 1, "content_type": 16, "object_id": "55", "object_repr": "14 of Regular Pizza Cheese Small - 12.70$", "action_flag": 3, "change_message": ""}}, {"model": "admin.logentry", "pk": 149, "fields": {"action_time": "2019-10-27T20:44:52.192Z", "user": 1, "content_type": 16, "object_id": "54", "object_repr": "1 of Sicilian Pizza Cheese Small - 24.45$", "action_flag": 3, "change_message": ""}}, {"model": "admin.logentry", "pk": 150, "fields": {"action_time": "2019-10-27T20:44:52.202Z", "user": 1, "content_type": 16, "object_id": "53", "object_repr": "1 of Regular Pizza Cheese Small - 12.70$", "action_flag": 3, "change_message": ""}}, {"model": "admin.logentry", "pk": 151, "fields": {"action_time": "2019-10-27T20:44:52.211Z", "user": 1, "content_type": 16, "object_id": "52", "object_repr": "1 of Regular Pizza Cheese Small - 12.70$", "action_flag": 3, "change_message": ""}}, {"model": "admin.logentry", "pk": 152, "fields": {"action_time": "2019-10-27T20:44:52.221Z", "user": 1, "content_type": 16, "object_id": "51", "object_repr": "15 of Regular Pizza Cheese Small - 12.70$", "action_flag": 3, "change_message": ""}}, {"model": "admin.logentry", "pk": 153, "fields": {"action_time": "2019-10-27T20:44:52.230Z", "user": 1, "content_type": 16, "object_id": "50", "object_repr": "10 of Regular Pizza Cheese Small - 12.70$", "action_flag": 3, "change_message": ""}}, {"model": "admin.logentry", "pk": 154, "fields": {"action_time": "2019-10-27T20:44:52.240Z", "user": 1, "content_type": 16, "object_id": "49", "object_repr": "6 of Regular Pizza Cheese Small - 12.70$", "action_flag": 3, "change_message": ""}}, {"model": "admin.logentry", "pk": 155, "fields": {"action_time": "2019-10-27T20:44:52.250Z", "user": 1, "content_type": 16, "object_id": "48", "object_repr": "2 of Regular Pizza Cheese Small - 12.70$", "action_flag": 3, "change_message": ""}}, {"model": "admin.logentry", "pk": 156, "fields": {"action_time": "2019-10-28T08:49:57.784Z", "user": 1, "content_type": 10, "object_id": "69", "object_repr": "Sub Cheese Large - 7.95$", "action_flag": 1, "change_message": "[{\"added\": {}}]"}}, {"model": "admin.logentry", "pk": 157, "fields": {"action_time": "2019-10-29T22:04:45.079Z", "user": 1, "content_type": 16, "object_id": "125", "object_repr": "1 of Regular Pizza 2 toppings Small - 15.20$", "action_flag": 3, "change_message": ""}}, {"model": "admin.logentry", "pk": 158, "fields": {"action_time": "2019-10-29T22:04:45.086Z", "user": 1, "content_type": 16, "object_id": "124", "object_repr": "1 of Sub Steak + Cheese Large - 8.50$", "action_flag": 3, "change_message": ""}}, {"model": "admin.logentry", "pk": 159, "fields": {"action_time": "2019-10-29T22:04:45.090Z", "user": 1, "content_type": 16, "object_id": "123", "object_repr": "2 of Sub Steak + Cheese Small - 6.95$", "action_flag": 3, "change_message": ""}}, {"model": "admin.logentry", "pk": 160, "fields": {"action_time": "2019-10-29T22:04:45.094Z", "user": 1, "content_type": 16, "object_id": "122", "object_repr": "1 of Sub Steak + Cheese Small - 6.95$", "action_flag": 3, "change_message": ""}}, {"model": "admin.logentry", "pk": 161, "fields": {"action_time": "2019-10-29T22:04:45.099Z", "user": 1, "content_type": 16, "object_id": "121", "object_repr": "3 of Regular Pizza Cheese Small - 12.70$", "action_flag": 3, "change_message": ""}}, {"model": "admin.logentry", "pk": 162, "fields": {"action_time": "2019-10-29T22:04:45.104Z", "user": 1, "content_type": 16, "object_id": "120", "object_repr": "2 of Regular Pizza Cheese Small - 12.70$", "action_flag": 3, "change_message": ""}}, {"model": "admin.logentry", "pk": 163, "fields": {"action_time": "2019-10-29T22:04:45.108Z", "user": 1, "content_type": 16, "object_id": "119", "object_repr": "1 of Sub Cheese Small - 6.50$", "action_flag": 3, "change_message": ""}}, {"model": "admin.logentry", "pk": 164, "fields": {"action_time": "2019-10-29T22:04:45.113Z", "user": 1, "content_type": 16, "object_id": "118", "object_repr": "22 of Sub Cheese Large - 7.95$", "action_flag": 3, "change_message": ""}}, {"model": "admin.logentry", "pk": 165, "fields": {"action_time": "2019-10-29T22:04:45.117Z", "user": 1, "content_type": 16, "object_id": "117", "object_repr": "25 of Sub Cheese Small - 6.50$", "action_flag": 3, "change_message": ""}}, {"model": "admin.logentry", "pk": 166, "fields": {"action_time": "2019-10-29T22:04:45.122Z", "user": 1, "content_type": 16, "object_id": "116", "object_repr": "26 of Sub Cheese Small - 6.50$", "action_flag": 3, "change_message": ""}}, {"model": "admin.logentry", "pk": 167, "fields": {"action_time": "2019-10-29T22:04:45.128Z", "user": 1, "content_type": 16, "object_id": "115", "object_repr": "27 of Sub Cheese Small - 6.50$", "action_flag": 3, "change_message": ""}}, {"model": "admin.logentry", "pk": 168, "fields": {"action_time": "2019-10-29T22:04:45.136Z", "user": 1, "content_type": 16, "object_id": "114", "object_repr": "28 of Sub Cheese Small - 6.50$", "action_flag": 3, "change_message": ""}}, {"model": "admin.logentry", "pk": 169, "fields": {"action_time": "2019-10-29T22:04:45.140Z", "user": 1, "content_type": 16, "object_id": "113", "object_repr": "29 of Sub Cheese Small - 6.50$", "action_flag": 3, "change_message": ""}}, {"model": "admin.logentry", "pk": 170, "fields": {"action_time": "2019-10-29T22:04:45.145Z", "user": 1, "content_type": 16, "object_id": "112", "object_repr": "30 of Sub Cheese Small - 6.50$", "action_flag": 3, "change_message": ""}}, {"model": "admin.logentry", "pk": 171, "fields": {"action_time": "2019-10-29T22:04:45.149Z", "user": 1, "content_type": 16, "object_id": "111", "object_repr": "11 of Sub Steak + Cheese Small - 6.95$", "action_flag": 3, "change_message": ""}}, {"model": "admin.logentry", "pk": 172, "fields": {"action_time": "2019-10-29T22:04:45.154Z", "user": 1, "content_type": 16, "object_id": "110", "object_repr": "8 of Sub Steak + Cheese Small - 6.95$", "action_flag": 3, "change_message": ""}}, {"model": "admin.logentry", "pk": 173, "fields": {"action_time": "2019-10-29T22:04:45.158Z", "user": 1, "content_type": 16, "object_id": "109", "object_repr": "7 of Sub Steak + Cheese Small - 6.95$", "action_flag": 3, "change_message": ""}}, {"model": "admin.logentry", "pk": 174, "fields": {"action_time": "2019-10-29T22:04:45.164Z", "user": 1, "content_type": 16, "object_id": "108", "object_repr": "2 of Regular Pizza Cheese Small - 12.70$", "action_flag": 3, "change_message": ""}}, {"model": "admin.logentry", "pk": 175, "fields": {"action_time": "2019-10-29T22:04:45.168Z", "user": 1, "content_type": 16, "object_id": "107", "object_repr": "1 of Sub Steak + Cheese Small - 6.95$", "action_flag": 3, "change_message": ""}}, {"model": "admin.logentry", "pk": 176, "fields": {"action_time": "2019-10-29T22:04:45.174Z", "user": 1, "content_type": 16, "object_id": "106", "object_repr": "1 of Sub Steak + Cheese Small - 6.95$", "action_flag": 3, "change_message": ""}}, {"model": "admin.logentry", "pk": 177, "fields": {"action_time": "2019-10-29T22:04:45.178Z", "user": 1, "content_type": 16, "object_id": "105", "object_repr": "1 of Regular Pizza 2 toppings Large - 21.95$", "action_flag": 3, "change_message": ""}}, {"model": "admin.logentry", "pk": 178, "fields": {"action_time": "2019-10-29T22:04:45.183Z", "user": 1, "content_type": 16, "object_id": "104", "object_repr": "1 of Sub Steak + Cheese Small - 6.95$", "action_flag": 3, "change_message": ""}}, {"model": "admin.logentry", "pk": 179, "fields": {"action_time": "2019-10-29T22:04:45.188Z", "user": 1, "content_type": 16, "object_id": "103", "object_repr": "1 of Sub Steak + Cheese Small - 6.95$", "action_flag": 3, "change_message": ""}}, {"model": "admin.logentry", "pk": 180, "fields": {"action_time": "2019-10-29T22:04:45.193Z", "user": 1, "content_type": 16, "object_id": "102", "object_repr": "1 of Sub Steak + Cheese Small - 6.95$", "action_flag": 3, "change_message": ""}}, {"model": "admin.logentry", "pk": 181, "fields": {"action_time": "2019-10-29T22:04:45.198Z", "user": 1, "content_type": 16, "object_id": "101", "object_repr": "1 of Sub Steak + Cheese Small - 6.95$", "action_flag": 3, "change_message": ""}}, {"model": "admin.logentry", "pk": 182, "fields": {"action_time": "2019-10-29T22:04:45.203Z", "user": 1, "content_type": 16, "object_id": "100", "object_repr": "1 of Sub Steak + Cheese Small - 6.95$", "action_flag": 3, "change_message": ""}}, {"model": "admin.logentry", "pk": 183, "fields": {"action_time": "2019-10-29T22:04:45.207Z", "user": 1, "content_type": 16, "object_id": "99", "object_repr": "1 of Sub Steak + Cheese Small - 6.95$", "action_flag": 3, "change_message": ""}}, {"model": "admin.logentry", "pk": 184, "fields": {"action_time": "2019-10-29T22:04:45.211Z", "user": 1, "content_type": 16, "object_id": "98", "object_repr": "1 of Regular Pizza 2 toppings Small - 15.20$", "action_flag": 3, "change_message": ""}}, {"model": "admin.logentry", "pk": 185, "fields": {"action_time": "2019-10-29T22:04:45.217Z", "user": 1, "content_type": 16, "object_id": "97", "object_repr": "1 of Regular Pizza 3 toppings Small - 16.20$", "action_flag": 3, "change_message": ""}}, {"model": "admin.logentry", "pk": 186, "fields": {"action_time": "2019-10-29T22:04:45.221Z", "user": 1, "content_type": 16, "object_id": "96", "object_repr": "1 of Sub Cheese Small - 6.50$", "action_flag": 3, "change_message": ""}}, {"model": "admin.logentry", "pk": 187, "fields": {"action_time": "2019-10-29T22:04:45.226Z", "user": 1, "content_type": 16, "object_id": "95", "object_repr": "2 of Dinner Platter Baked Ziti Large - 60.00$", "action_flag": 3, "change_message": ""}}, {"model": "admin.logentry", "pk": 188, "fields": {"action_time": "2019-10-29T22:04:45.232Z", "user": 1, "content_type": 16, "object_id": "94", "object_repr": "2 of Salad Garden Salad No size specified - 6.25$", "action_flag": 3, "change_message": ""}}, {"model": "admin.logentry", "pk": 189, "fields": {"action_time": "2019-10-29T22:04:45.236Z", "user": 1, "content_type": 16, "object_id": "93", "object_repr": "1 of Pasta Baked Ziti with Mozzarella No size specified - 6.50$", "action_flag": 3, "change_message": ""}}, {"model": "admin.logentry", "pk": 190, "fields": {"action_time": "2019-10-29T22:04:45.240Z", "user": 1, "content_type": 16, "object_id": "92", "object_repr": "1 of Sub Italian Small - 6.50$", "action_flag": 3, "change_message": ""}}, {"model": "admin.logentry", "pk": 191, "fields": {"action_time": "2019-10-29T22:04:45.245Z", "user": 1, "content_type": 16, "object_id": "91", "object_repr": "3 of Sub Steak + Cheese Small - 6.95$", "action_flag": 3, "change_message": ""}}, {"model": "admin.logentry", "pk": 192, "fields": {"action_time": "2019-10-29T22:04:45.250Z", "user": 1, "content_type": 16, "object_id": "90", "object_repr": "1 of Sub Cheese Small - 6.50$", "action_flag": 3, "change_message": ""}}, {"model": "admin.logentry", "pk": 193, "fields": {"action_time": "2019-10-29T22:04:45.255Z", "user": 1, "content_type": 16, "object_id": "89", "object_repr": "3 of Sub Italian Small - 6.50$", "action_flag": 3, "change_message": ""}}, {"model": "admin.logentry", "pk": 194, "fields": {"action_time": "2019-10-29T22:04:45.259Z", "user": 1, "content_type": 16, "object_id": "88", "object_repr": "1 of Sub Steak + Cheese Small - 6.95$", "action_flag": 3, "change_message": ""}}, {"model": "admin.logentry", "pk": 195, "fields": {"action_time": "2019-10-29T22:04:45.263Z", "user": 1, "content_type": 16, "object_id": "87", "object_repr": "1 of Sub Cheese Small - 6.50$", "action_flag": 3, "change_message": ""}}, {"model": "admin.logentry", "pk": 196, "fields": {"action_time": "2019-10-29T22:04:45.268Z", "user": 1, "content_type": 16, "object_id": "86", "object_repr": "1 of Sicilian Pizza 1 topping Small - 26.45$", "action_flag": 3, "change_message": ""}}, {"model": "admin.logentry", "pk": 197, "fields": {"action_time": "2019-10-29T22:04:45.273Z", "user": 1, "content_type": 16, "object_id": "85", "object_repr": "1 of Regular Pizza 1 topping Small - 13.70$", "action_flag": 3, "change_message": ""}}, {"model": "admin.logentry", "pk": 198, "fields": {"action_time": "2019-10-29T22:04:45.277Z", "user": 1, "content_type": 16, "object_id": "84", "object_repr": "1 of Sicilian Pizza 1 topping Small - 26.45$", "action_flag": 3, "change_message": ""}}, {"model": "admin.logentry", "pk": 199, "fields": {"action_time": "2019-10-29T22:04:45.282Z", "user": 1, "content_type": 16, "object_id": "83", "object_repr": "1 of Sicilian Pizza 2 toppings Small - 28.45$", "action_flag": 3, "change_message": ""}}, {"model": "admin.logentry", "pk": 200, "fields": {"action_time": "2019-10-29T22:04:45.286Z", "user": 1, "content_type": 16, "object_id": "82", "object_repr": "1 of Sicilian Pizza 2 toppings Small - 28.45$", "action_flag": 3, "change_message": ""}}, {"model": "admin.logentry", "pk": 201, "fields": {"action_time": "2019-10-29T22:04:45.291Z", "user": 1, "content_type": 16, "object_id": "81", "object_repr": "1 of Sicilian Pizza 1 topping Small - 26.45$", "action_flag": 3, "change_message": ""}}, {"model": "admin.logentry", "pk": 202, "fields": {"action_time": "2019-10-29T22:04:45.295Z", "user": 1, "content_type": 16, "object_id": "80", "object_repr": "1 of Regular Pizza 1 topping Small - 13.70$", "action_flag": 3, "change_message": ""}}, {"model": "admin.logentry", "pk": 203, "fields": {"action_time": "2019-10-29T22:04:45.301Z", "user": 1, "content_type": 16, "object_id": "79", "object_repr": "1 of Regular Pizza 3 toppings Small - 16.20$", "action_flag": 3, "change_message": ""}}, {"model": "admin.logentry", "pk": 204, "fields": {"action_time": "2019-10-29T22:04:45.306Z", "user": 1, "content_type": 16, "object_id": "78", "object_repr": "1 of Regular Pizza 3 toppings Small - 16.20$", "action_flag": 3, "change_message": ""}}, {"model": "admin.logentry", "pk": 205, "fields": {"action_time": "2019-10-29T22:04:45.311Z", "user": 1, "content_type": 16, "object_id": "77", "object_repr": "1 of Regular Pizza 2 toppings Small - 15.20$", "action_flag": 3, "change_message": ""}}, {"model": "admin.logentry", "pk": 206, "fields": {"action_time": "2019-10-29T22:04:45.316Z", "user": 1, "content_type": 16, "object_id": "76", "object_repr": "1 of Regular Pizza 1 topping Small - 13.70$", "action_flag": 3, "change_message": ""}}, {"model": "admin.logentry", "pk": 207, "fields": {"action_time": "2019-10-29T22:04:45.321Z", "user": 1, "content_type": 16, "object_id": "75", "object_repr": "1 of Regular Pizza Cheese Small - 12.70$", "action_flag": 3, "change_message": ""}}, {"model": "admin.logentry", "pk": 208, "fields": {"action_time": "2019-10-29T22:04:45.326Z", "user": 1, "content_type": 16, "object_id": "74", "object_repr": "2 of Regular Pizza 2 toppings Large - 21.95$", "action_flag": 3, "change_message": ""}}, {"model": "admin.logentry", "pk": 209, "fields": {"action_time": "2019-10-29T22:04:45.330Z", "user": 1, "content_type": 16, "object_id": "73", "object_repr": "1 of Sicilian Pizza 2 toppings Small - 28.45$", "action_flag": 3, "change_message": ""}}, {"model": "admin.logentry", "pk": 210, "fields": {"action_time": "2019-10-29T22:04:45.335Z", "user": 1, "content_type": 16, "object_id": "47", "object_repr": "2 of Sicilian Pizza 1 topping Small - 26.45$", "action_flag": 3, "change_message": ""}}, {"model": "admin.logentry", "pk": 211, "fields": {"action_time": "2019-10-29T22:04:45.340Z", "user": 1, "content_type": 16, "object_id": "46", "object_repr": "2 of Regular Pizza Cheese Small - 12.70$", "action_flag": 3, "change_message": ""}}, {"model": "admin.logentry", "pk": 212, "fields": {"action_time": "2019-10-29T22:04:45.344Z", "user": 1, "content_type": 16, "object_id": "45", "object_repr": "1 of Regular Pizza Cheese Small - 12.70$", "action_flag": 3, "change_message": ""}}, {"model": "admin.logentry", "pk": 213, "fields": {"action_time": "2019-10-29T22:04:45.350Z", "user": 1, "content_type": 16, "object_id": "43", "object_repr": "1 of Regular Pizza 2 toppings Large - 21.95$", "action_flag": 3, "change_message": ""}}, {"model": "admin.logentry", "pk": 214, "fields": {"action_time": "2019-10-29T22:04:45.354Z", "user": 1, "content_type": 16, "object_id": "42", "object_repr": "1 of Regular Pizza 2 toppings Small - 15.20$", "action_flag": 3, "change_message": ""}}, {"model": "admin.logentry", "pk": 215, "fields": {"action_time": "2019-10-29T22:04:45.359Z", "user": 1, "content_type": 16, "object_id": "41", "object_repr": "1 of Dinner Platter Chicken Parm Large - 80.00$", "action_flag": 3, "change_message": ""}}, {"model": "admin.logentry", "pk": 216, "fields": {"action_time": "2019-10-29T22:04:45.365Z", "user": 1, "content_type": 16, "object_id": "40", "object_repr": "2 of Salad Antipasto No size specified - 8.25$", "action_flag": 3, "change_message": ""}}, {"model": "admin.logentry", "pk": 217, "fields": {"action_time": "2019-10-29T22:04:45.370Z", "user": 1, "content_type": 16, "object_id": "38", "object_repr": "1 of Regular Pizza 1 topping Small - 13.70$", "action_flag": 3, "change_message": ""}}, {"model": "admin.logentry", "pk": 218, "fields": {"action_time": "2019-10-29T22:04:45.376Z", "user": 1, "content_type": 16, "object_id": "37", "object_repr": "1 of Sub Ham + Cheese Small - 6.50$", "action_flag": 3, "change_message": ""}}, {"model": "admin.logentry", "pk": 219, "fields": {"action_time": "2019-10-29T22:04:45.380Z", "user": 1, "content_type": 16, "object_id": "35", "object_repr": "1 of Sub Steak + Cheese Small - 6.95$", "action_flag": 3, "change_message": ""}}, {"model": "admin.logentry", "pk": 220, "fields": {"action_time": "2019-10-29T22:04:45.385Z", "user": 1, "content_type": 16, "object_id": "32", "object_repr": "1 of Sub Steak + Cheese Small - 6.95$", "action_flag": 3, "change_message": ""}}, {"model": "admin.logentry", "pk": 221, "fields": {"action_time": "2019-10-29T22:04:45.390Z", "user": 1, "content_type": 16, "object_id": "29", "object_repr": "1 of Sub Steak + Cheese Small - 6.95$", "action_flag": 3, "change_message": ""}}, {"model": "admin.logentry", "pk": 222, "fields": {"action_time": "2019-10-29T22:04:45.395Z", "user": 1, "content_type": 16, "object_id": "28", "object_repr": "1 of Sub Steak + Cheese Small - 6.95$", "action_flag": 3, "change_message": ""}}, {"model": "admin.logentry", "pk": 223, "fields": {"action_time": "2019-10-29T22:04:45.422Z", "user": 1, "content_type": 16, "object_id": "27", "object_repr": "1 of Sub Tuna Small - 6.50$", "action_flag": 3, "change_message": ""}}, {"model": "admin.logentry", "pk": 224, "fields": {"action_time": "2019-10-29T22:04:45.429Z", "user": 1, "content_type": 16, "object_id": "26", "object_repr": "1 of Sub Steak Large - 7.95$", "action_flag": 3, "change_message": ""}}, {"model": "admin.logentry", "pk": 225, "fields": {"action_time": "2019-10-29T22:04:45.435Z", "user": 1, "content_type": 16, "object_id": "25", "object_repr": "3 of Sub Veggie Large - 8.50$", "action_flag": 3, "change_message": ""}}, {"model": "admin.logentry", "pk": 226, "fields": {"action_time": "2019-10-29T22:04:45.440Z", "user": 1, "content_type": 16, "object_id": "24", "object_repr": "1 of Sub Italian Small - 6.50$", "action_flag": 3, "change_message": ""}}, {"model": "admin.logentry", "pk": 227, "fields": {"action_time": "2019-10-29T22:04:45.446Z", "user": 1, "content_type": 16, "object_id": "23", "object_repr": "1 of Regular Pizza Cheese Small - 12.70$", "action_flag": 3, "change_message": ""}}, {"model": "admin.logentry", "pk": 228, "fields": {"action_time": "2019-10-29T22:04:45.453Z", "user": 1, "content_type": 16, "object_id": "22", "object_repr": "1 of Regular Pizza 1 topping Small - 13.70$", "action_flag": 3, "change_message": ""}}, {"model": "admin.logentry", "pk": 229, "fields": {"action_time": "2019-11-02T07:06:52.192Z", "user": 1, "content_type": 14, "object_id": "49", "object_repr": "1 of Sub Italian Small - 6.50$", "action_flag": 3, "change_message": ""}}, {"model": "admin.logentry", "pk": 230, "fields": {"action_time": "2019-11-02T07:06:52.252Z", "user": 1, "content_type": 14, "object_id": "48", "object_repr": "1 of Regular Pizza 2 toppings Small - 15.20$", "action_flag": 3, "change_message": ""}}, {"model": "admin.logentry", "pk": 231, "fields": {"action_time": "2019-11-02T07:06:52.263Z", "user": 1, "content_type": 14, "object_id": "47", "object_repr": "1 of Regular Pizza 2 toppings Small - 15.20$", "action_flag": 3, "change_message": ""}}, {"model": "admin.logentry", "pk": 232, "fields": {"action_time": "2019-11-02T07:06:52.273Z", "user": 1, "content_type": 14, "object_id": "46", "object_repr": "1 of Regular Pizza 2 toppings Small - 15.20$", "action_flag": 3, "change_message": ""}}, {"model": "admin.logentry", "pk": 233, "fields": {"action_time": "2019-11-02T07:06:52.282Z", "user": 1, "content_type": 14, "object_id": "45", "object_repr": "1 of Regular Pizza 2 toppings Small - 15.20$", "action_flag": 3, "change_message": ""}}, {"model": "admin.logentry", "pk": 234, "fields": {"action_time": "2019-11-02T07:06:52.292Z", "user": 1, "content_type": 14, "object_id": "44", "object_repr": "1 of Regular Pizza 2 toppings Small - 15.20$", "action_flag": 3, "change_message": ""}}, {"model": "admin.logentry", "pk": 235, "fields": {"action_time": "2019-11-02T07:06:52.302Z", "user": 1, "content_type": 14, "object_id": "43", "object_repr": "1 of Regular Pizza Cheese Small - 12.70$", "action_flag": 3, "change_message": ""}}, {"model": "admin.logentry", "pk": 236, "fields": {"action_time": "2019-11-02T07:06:52.312Z", "user": 1, "content_type": 14, "object_id": "42", "object_repr": "2 of Sub Sausage, Peppers & Onions Large - 8.50$", "action_flag": 3, "change_message": ""}}, {"model": "admin.logentry", "pk": 237, "fields": {"action_time": "2019-11-02T07:06:52.323Z", "user": 1, "content_type": 14, "object_id": "41", "object_repr": "1 of Sub Ham + Cheese Small - 6.50$", "action_flag": 3, "change_message": ""}}, {"model": "admin.logentry", "pk": 238, "fields": {"action_time": "2019-11-02T07:06:52.334Z", "user": 1, "content_type": 14, "object_id": "40", "object_repr": "3 of Pasta Baked Ziti with Mozzarella No size specified - 6.50$", "action_flag": 3, "change_message": ""}}, {"model": "admin.logentry", "pk": 239, "fields": {"action_time": "2019-11-02T07:06:52.345Z", "user": 1, "content_type": 14, "object_id": "39", "object_repr": "4 of Salad Garden Salad No size specified - 6.25$", "action_flag": 3, "change_message": ""}}, {"model": "admin.logentry", "pk": 240, "fields": {"action_time": "2019-11-02T07:06:52.355Z", "user": 1, "content_type": 14, "object_id": "38", "object_repr": "1 of Dinner Platter Chicken Parm Small - 45.00$", "action_flag": 3, "change_message": ""}}, {"model": "admin.logentry", "pk": 241, "fields": {"action_time": "2019-11-02T07:06:52.364Z", "user": 1, "content_type": 14, "object_id": "37", "object_repr": "5 of Sub Cheese Large - 7.95$", "action_flag": 3, "change_message": ""}}, {"model": "admin.logentry", "pk": 242, "fields": {"action_time": "2019-11-02T07:06:52.373Z", "user": 1, "content_type": 14, "object_id": "36", "object_repr": "3 of Sicilian Pizza Cheese Large - 38.70$", "action_flag": 3, "change_message": ""}}, {"model": "admin.logentry", "pk": 243, "fields": {"action_time": "2019-11-02T07:06:52.383Z", "user": 1, "content_type": 14, "object_id": "35", "object_repr": "2 of Sub Sausage, Peppers & Onions Large - 8.50$", "action_flag": 3, "change_message": ""}}, {"model": "admin.logentry", "pk": 244, "fields": {"action_time": "2019-11-02T07:06:52.391Z", "user": 1, "content_type": 14, "object_id": "34", "object_repr": "1 of Sub Ham + Cheese Small - 6.50$", "action_flag": 3, "change_message": ""}}, {"model": "admin.logentry", "pk": 245, "fields": {"action_time": "2019-11-02T07:06:52.399Z", "user": 1, "content_type": 14, "object_id": "33", "object_repr": "3 of Pasta Baked Ziti with Mozzarella No size specified - 6.50$", "action_flag": 3, "change_message": ""}}, {"model": "admin.logentry", "pk": 246, "fields": {"action_time": "2019-11-02T07:06:52.408Z", "user": 1, "content_type": 14, "object_id": "32", "object_repr": "4 of Salad Garden Salad No size specified - 6.25$", "action_flag": 3, "change_message": ""}}, {"model": "admin.logentry", "pk": 247, "fields": {"action_time": "2019-11-02T07:06:52.416Z", "user": 1, "content_type": 14, "object_id": "31", "object_repr": "1 of Dinner Platter Chicken Parm Small - 45.00$", "action_flag": 3, "change_message": ""}}, {"model": "admin.logentry", "pk": 248, "fields": {"action_time": "2019-11-02T07:06:52.423Z", "user": 1, "content_type": 14, "object_id": "30", "object_repr": "5 of Sub Cheese Large - 7.95$", "action_flag": 3, "change_message": ""}}, {"model": "admin.logentry", "pk": 249, "fields": {"action_time": "2019-11-02T07:06:52.430Z", "user": 1, "content_type": 14, "object_id": "29", "object_repr": "3 of Sicilian Pizza Cheese Large - 38.70$", "action_flag": 3, "change_message": ""}}, {"model": "admin.logentry", "pk": 250, "fields": {"action_time": "2019-11-02T07:06:52.438Z", "user": 1, "content_type": 14, "object_id": "28", "object_repr": "2 of Sub Sausage, Peppers & Onions Large - 8.50$", "action_flag": 3, "change_message": ""}}, {"model": "admin.logentry", "pk": 251, "fields": {"action_time": "2019-11-02T07:06:52.448Z", "user": 1, "content_type": 14, "object_id": "27", "object_repr": "1 of Sub Ham + Cheese Small - 6.50$", "action_flag": 3, "change_message": ""}}, {"model": "admin.logentry", "pk": 252, "fields": {"action_time": "2019-11-02T07:06:52.458Z", "user": 1, "content_type": 14, "object_id": "26", "object_repr": "3 of Pasta Baked Ziti with Mozzarella No size specified - 6.50$", "action_flag": 3, "change_message": ""}}, {"model": "admin.logentry", "pk": 253, "fields": {"action_time": "2019-11-02T07:06:52.469Z", "user": 1, "content_type": 14, "object_id": "25", "object_repr": "4 of Salad Garden Salad No size specified - 6.25$", "action_flag": 3, "change_message": ""}}, {"model": "admin.logentry", "pk": 254, "fields": {"action_time": "2019-11-02T07:06:52.480Z", "user": 1, "content_type": 14, "object_id": "24", "object_repr": "1 of Dinner Platter Chicken Parm Small - 45.00$", "action_flag": 3, "change_message": ""}}, {"model": "admin.logentry", "pk": 255, "fields": {"action_time": "2019-11-02T07:06:52.490Z", "user": 1, "content_type": 14, "object_id": "23", "object_repr": "5 of Sub Cheese Large - 7.95$", "action_flag": 3, "change_message": ""}}, {"model": "admin.logentry", "pk": 256, "fields": {"action_time": "2019-11-02T07:06:52.500Z", "user": 1, "content_type": 14, "object_id": "22", "object_repr": "3 of Sicilian Pizza Cheese Large - 38.70$", "action_flag": 3, "change_message": ""}}, {"model": "admin.logentry", "pk": 257, "fields": {"action_time": "2019-11-02T07:06:52.511Z", "user": 1, "content_type": 14, "object_id": "21", "object_repr": "2 of Sub Sausage, Peppers & Onions Large - 8.50$", "action_flag": 3, "change_message": ""}}, {"model": "admin.logentry", "pk": 258, "fields": {"action_time": "2019-11-02T07:06:52.521Z", "user": 1, "content_type": 14, "object_id": "20", "object_repr": "1 of Sub Ham + Cheese Small - 6.50$", "action_flag": 3, "change_message": ""}}, {"model": "admin.logentry", "pk": 259, "fields": {"action_time": "2019-11-02T07:06:52.530Z", "user": 1, "content_type": 14, "object_id": "19", "object_repr": "3 of Pasta Baked Ziti with Mozzarella No size specified - 6.50$", "action_flag": 3, "change_message": ""}}, {"model": "admin.logentry", "pk": 260, "fields": {"action_time": "2019-11-02T07:06:52.541Z", "user": 1, "content_type": 14, "object_id": "18", "object_repr": "4 of Salad Garden Salad No size specified - 6.25$", "action_flag": 3, "change_message": ""}}, {"model": "admin.logentry", "pk": 261, "fields": {"action_time": "2019-11-02T07:06:52.551Z", "user": 1, "content_type": 14, "object_id": "17", "object_repr": "1 of Dinner Platter Chicken Parm Small - 45.00$", "action_flag": 3, "change_message": ""}}, {"model": "admin.logentry", "pk": 262, "fields": {"action_time": "2019-11-02T07:06:52.560Z", "user": 1, "content_type": 14, "object_id": "16", "object_repr": "5 of Sub Cheese Large - 7.95$", "action_flag": 3, "change_message": ""}}, {"model": "admin.logentry", "pk": 263, "fields": {"action_time": "2019-11-02T07:06:52.571Z", "user": 1, "content_type": 14, "object_id": "15", "object_repr": "3 of Sicilian Pizza Cheese Large - 38.70$", "action_flag": 3, "change_message": ""}}, {"model": "admin.logentry", "pk": 264, "fields": {"action_time": "2019-11-02T07:06:52.581Z", "user": 1, "content_type": 14, "object_id": "14", "object_repr": "2 of Sub Sausage, Peppers & Onions Large - 8.50$", "action_flag": 3, "change_message": ""}}, {"model": "admin.logentry", "pk": 265, "fields": {"action_time": "2019-11-02T07:06:52.591Z", "user": 1, "content_type": 14, "object_id": "13", "object_repr": "1 of Sub Ham + Cheese Small - 6.50$", "action_flag": 3, "change_message": ""}}, {"model": "admin.logentry", "pk": 266, "fields": {"action_time": "2019-11-02T07:06:52.599Z", "user": 1, "content_type": 14, "object_id": "12", "object_repr": "3 of Pasta Baked Ziti with Mozzarella No size specified - 6.50$", "action_flag": 3, "change_message": ""}}, {"model": "admin.logentry", "pk": 267, "fields": {"action_time": "2019-11-02T07:06:52.606Z", "user": 1, "content_type": 14, "object_id": "11", "object_repr": "4 of Salad Garden Salad No size specified - 6.25$", "action_flag": 3, "change_message": ""}}, {"model": "admin.logentry", "pk": 268, "fields": {"action_time": "2019-11-02T07:06:52.615Z", "user": 1, "content_type": 14, "object_id": "10", "object_repr": "1 of Dinner Platter Chicken Parm Small - 45.00$", "action_flag": 3, "change_message": ""}}, {"model": "admin.logentry", "pk": 269, "fields": {"action_time": "2019-11-02T07:06:52.624Z", "user": 1, "content_type": 14, "object_id": "9", "object_repr": "5 of Sub Cheese Large - 7.95$", "action_flag": 3, "change_message": ""}}, {"model": "admin.logentry", "pk": 270, "fields": {"action_time": "2019-11-02T07:06:52.633Z", "user": 1, "content_type": 14, "object_id": "8", "object_repr": "3 of Sicilian Pizza Cheese Large - 38.70$", "action_flag": 3, "change_message": ""}}, {"model": "admin.logentry", "pk": 271, "fields": {"action_time": "2019-11-02T07:06:52.642Z", "user": 1, "content_type": 14, "object_id": "7", "object_repr": "2 of Sub Sausage, Peppers & Onions Large - 8.50$", "action_flag": 3, "change_message": ""}}, {"model": "admin.logentry", "pk": 272, "fields": {"action_time": "2019-11-02T07:06:52.651Z", "user": 1, "content_type": 14, "object_id": "6", "object_repr": "1 of Sub Ham + Cheese Small - 6.50$", "action_flag": 3, "change_message": ""}}, {"model": "admin.logentry", "pk": 273, "fields": {"action_time": "2019-11-02T07:06:52.660Z", "user": 1, "content_type": 14, "object_id": "5", "object_repr": "3 of Pasta Baked Ziti with Mozzarella No size specified - 6.50$", "action_flag": 3, "change_message": ""}}, {"model": "admin.logentry", "pk": 274, "fields": {"action_time": "2019-11-02T07:06:52.670Z", "user": 1, "content_type": 14, "object_id": "4", "object_repr": "4 of Salad Garden Salad No size specified - 6.25$", "action_flag": 3, "change_message": ""}}, {"model": "admin.logentry", "pk": 275, "fields": {"action_time": "2019-11-02T07:06:52.679Z", "user": 1, "content_type": 14, "object_id": "3", "object_repr": "1 of Dinner Platter Chicken Parm Small - 45.00$", "action_flag": 3, "change_message": ""}}, {"model": "admin.logentry", "pk": 276, "fields": {"action_time": "2019-11-02T07:06:52.691Z", "user": 1, "content_type": 14, "object_id": "2", "object_repr": "5 of Sub Cheese Large - 7.95$", "action_flag": 3, "change_message": ""}}, {"model": "admin.logentry", "pk": 277, "fields": {"action_time": "2019-11-02T07:06:52.702Z", "user": 1, "content_type": 14, "object_id": "1", "object_repr": "3 of Sicilian Pizza Cheese Large - 38.70$", "action_flag": 3, "change_message": ""}}, {"model": "admin.logentry", "pk": 278, "fields": {"action_time": "2019-11-02T07:07:29.579Z", "user": 1, "content_type": 12, "object_id": "13", "object_repr": "kuba - Open", "action_flag": 3, "change_message": ""}}, {"model": "admin.logentry", "pk": 279, "fields": {"action_time": "2019-11-02T07:07:29.587Z", "user": 1, "content_type": 12, "object_id": "12", "object_repr": "kuba - Open", "action_flag": 3, "change_message": ""}}, {"model": "admin.logentry", "pk": 280, "fields": {"action_time": "2019-11-02T07:07:29.596Z", "user": 1, "content_type": 12, "object_id": "11", "object_repr": "kuba - Open", "action_flag": 3, "change_message": ""}}, {"model": "admin.logentry", "pk": 281, "fields": {"action_time": "2019-11-02T07:07:29.604Z", "user": 1, "content_type": 12, "object_id": "10", "object_repr": "kuba - Open", "action_flag": 3, "change_message": ""}}, {"model": "admin.logentry", "pk": 282, "fields": {"action_time": "2019-11-02T07:07:29.613Z", "user": 1, "content_type": 12, "object_id": "9", "object_repr": "kuba - Open", "action_flag": 3, "change_message": ""}}, {"model": "admin.logentry", "pk": 283, "fields": {"action_time": "2019-11-02T07:07:29.620Z", "user": 1, "content_type": 12, "object_id": "8", "object_repr": "kuba - Open", "action_flag": 3, "change_message": ""}}, {"model": "admin.logentry", "pk": 284, "fields": {"action_time": "2019-11-02T07:07:29.628Z", "user": 1, "content_type": 12, "object_id": "7", "object_repr": "kuba - Open", "action_flag": 3, "change_message": ""}}, {"model": "admin.logentry", "pk": 285, "fields": {"action_time": "2019-11-02T07:07:29.635Z", "user": 1, "content_type": 12, "object_id": "6", "object_repr": "kuba - Open", "action_flag": 3, "change_message": ""}}, {"model": "admin.logentry", "pk": 286, "fields": {"action_time": "2019-11-02T07:07:29.643Z", "user": 1, "content_type": 12, "object_id": "5", "object_repr": "kuba - Open", "action_flag": 3, "change_message": ""}}, {"model": "admin.logentry", "pk": 287, "fields": {"action_time": "2019-11-02T07:07:29.653Z", "user": 1, "content_type": 12, "object_id": "4", "object_repr": "kuba - Open", "action_flag": 3, "change_message": ""}}, {"model": "admin.logentry", "pk": 288, "fields": {"action_time": "2019-11-02T07:07:29.664Z", "user": 1, "content_type": 12, "object_id": "3", "object_repr": "kuba - Open", "action_flag": 3, "change_message": ""}}, {"model": "admin.logentry", "pk": 289, "fields": {"action_time": "2019-11-02T07:07:29.674Z", "user": 1, "content_type": 12, "object_id": "2", "object_repr": "kuba - Open", "action_flag": 3, "change_message": ""}}, {"model": "admin.logentry", "pk": 290, "fields": {"action_time": "2019-11-02T07:07:29.682Z", "user": 1, "content_type": 12, "object_id": "1", "object_repr": "kuba - Open", "action_flag": 3, "change_message": ""}}, {"model": "admin.logentry", "pk": 291, "fields": {"action_time": "2019-11-04T15:34:44.204Z", "user": 1, "content_type": 6, "object_id": "6", "object_repr": "Dinner Platterr", "action_flag": 2, "change_message": "[{\"changed\": {\"fields\": [\"name\"]}}]"}}, {"model": "admin.logentry", "pk": 292, "fields": {"action_time": "2019-11-04T15:36:52.901Z", "user": 1, "content_type": 6, "object_id": "5", "object_repr": "Saladd", "action_flag": 2, "change_message": "[{\"changed\": {\"fields\": [\"name\"]}}]"}}, {"model": "admin.logentry", "pk": 293, "fields": {"action_time": "2019-11-04T15:37:02.911Z", "user": 1, "content_type": 6, "object_id": "5", "object_repr": "Salad", "action_flag": 2, "change_message": "[{\"changed\": {\"fields\": [\"name\"]}}]"}}, {"model": "admin.logentry", "pk": 294, "fields": {"action_time": "2019-11-04T15:37:07.728Z", "user": 1, "content_type": 6, "object_id": "6", "object_repr": "Dinner Platter", "action_flag": 2, "change_message": "[{\"changed\": {\"fields\": [\"name\"]}}]"}}, {"model": "admin.logentry", "pk": 295, "fields": {"action_time": "2019-11-04T20:42:13.309Z", "user": 1, "content_type": 13, "object_id": "1", "object_repr": "Preparing your order", "action_flag": 2, "change_message": "[{\"changed\": {\"fields\": [\"name\"]}}]"}}, {"model": "admin.logentry", "pk": 296, "fields": {"action_time": "2019-11-04T20:46:08.296Z", "user": 1, "content_type": 13, "object_id": "4", "object_repr": "Out for delivery", "action_flag": 1, "change_message": "[{\"added\": {}}]"}}, {"model": "admin.logentry", "pk": 297, "fields": {"action_time": "2019-11-04T20:46:50.973Z", "user": 1, "content_type": 12, "object_id": "14", "object_repr": "kuba - Out for delivery", "action_flag": 2, "change_message": "[{\"changed\": {\"fields\": [\"status_code\"]}}]"}}, {"model": "admin.logentry", "pk": 298, "fields": {"action_time": "2019-11-04T20:47:02.465Z", "user": 1, "content_type": 12, "object_id": "15", "object_repr": "kuba - Delivered", "action_flag": 2, "change_message": "[{\"changed\": {\"fields\": [\"status_code\"]}}]"}}, {"model": "admin.logentry", "pk": 299, "fields": {"action_time": "2019-11-04T20:52:37.165Z", "user": 1, "content_type": 12, "object_id": "14", "object_repr": "kuba - Delivered", "action_flag": 2, "change_message": "[{\"changed\": {\"fields\": [\"status_code\"]}}]"}}, {"model": "admin.logentry", "pk": 300, "fields": {"action_time": "2019-11-05T15:27:49.270Z", "user": 1, "content_type": 12, "object_id": "20", "object_repr": "kuba - Delivered", "action_flag": 2, "change_message": "[{\"changed\": {\"fields\": [\"status_code\"]}}]"}}, {"model": "admin.logentry", "pk": 301, "fields": {"action_time": "2019-11-05T21:16:56.453Z", "user": 1, "content_type": 12, "object_id": "23", "object_repr": "gab - Out for delivery", "action_flag": 2, "change_message": "[{\"changed\": {\"fields\": [\"status_code\"]}}]"}}, {"model": "admin.logentry", "pk": 302, "fields": {"action_time": "2019-11-06T08:57:18.543Z", "user": 1, "content_type": 16, "object_id": "171", "object_repr": "1 of Regular Pizza, Cheese, size:Small, 12.70$", "action_flag": 1, "change_message": "[{\"added\": {}}]"}}]